relative_path,bytes,extension,sha256
Netem/DATASHEET.md,470,.md,848e5b8d80413fe9776f1e127537bf656710b1b995e0963b7976f7c31d65ba09
Netem/fail_closed_holdover.pcap,1672,.pcap,43d56d626fb12e1c6a410fb689117ee696b8e0ac4d45cf3f395931861edb87fd
Netem/fail_closed_holdover_after.pcap,118,.pcap,8460df3e0e18c59a46e8fbdbc2945c379a311e14497614b4cc0ee807b60026e0
Netem/fail_closed_live_decisions.csv,14785,.csv,7c4ffe5b62d1b8b74433e0f73c7f5c26e3dba62258cffa468d54ded7e31f1ac6
Netem/fail_closed_live_decisions.summary.json,412,.json,b3b2204a815c40c8cc8aa73da281dbeb9bff94fdc0a1911f7678d7bf8434b795
Netem/fail_closed_live_decisions_after.csv,10632,.csv,5fffd99dd415656bffad66876e8aa73677cb83bfa237296d2604f4f5b536f511
Netem/fail_closed_live_decisions_after.summary.json,471,.json,dfc0efacad4a8b11ffcf75f632bd140fdaeb6fa9cc26573e60d7f9b979412ec7
Netem/fail_closed_live_decisions_after_telemetry.csv,20355,.csv,b0770ebd24392450d599826df3c6553da5e5336335007d866ee5a49b15d89bac
Netem/fail_closed_live_decisions_telemetry.csv,27400,.csv,ddd5144a4bbef2e31629af2bb7c7ee6a8a614d0cfc06f27ddf290605b6c9db70
Netem/holdover.pcap,1766,.pcap,3ee0b3b367fdaf61032b7ae2b83d1ed3f0819c480828e11bc3155df1e7d815d0
Netem/loss2.pcap,33242,.pcap,13812c7d1c14e40f642ac72d3c0c3cd1930b91062778cab44e2248b376ad7d15
Netem/model/discriminator_metrics.csv,336,.csv,2a13ec68ed76c76bc4ac3f4c260cc050dfe29c74541c4641cb7eeebec9df29f4
Netem/netem_baseline.pcap,204904,.pcap,b9bc30248448dac0415dd09de7665d6724371b08206b7605f882dcc3573c622f
Netem/netem_holdover.pcap,1342,.pcap,cc75c8bf1b027419f62ddd8c2aa83f969044444baa708cde7f4b68343db8d6af
Netem/netem_loss.pcap,30180,.pcap,57ea462c6db7871feeaf6bbd661c7a420022a0c55037e128dcbae4ddef40ffb8
Netem/netem_partial_capture_summary.csv,329,.csv,f50efb72fa6d5965d02da05296e9aed1bf3a5006b6b92854a066f05cda30e436
Netem/netem_pdv.pcap,198654,.pcap,52d30a9949d167db70df9add7227b4f8a74ff9a890cd2d646ef2bd1a9a58fbd6
Netem/netem_run_status.csv,91,.csv,d3c50d4461d48dc589ccc7c3be47ad8d0909afcc3abac0e8acb9268fdefb65d0
Netem/netem_telemetry.csv,1216138,.csv,c99172b817de8bbd4b1dc7454b3e3f3a365af21343748e8f8e05d1c57b28a236
Netem/netem_telemetry_baseline.csv,588189,.csv,1a947ac7b7a006294d33cbe4482a5fe5841efab78619dc0b3a97dec0f0d5f93e
Netem/netem_telemetry_holdover.csv,3581,.csv,52f5c00c13b7a429226efe5ab00b6dd3a764c694c5a264bc80a495f4e189c9d7
Netem/netem_telemetry_holdover_delayed.csv,728,.csv,9770467fc3309bebbfe5c7d160b223c618bc19ccbf2e7b26777e3e8bf8f8740f
Netem/netem_telemetry_holdover_manual.csv,1011,.csv,03f07065cabe6a3b2fe24cdd628a8bd7012cf8c4b4c6be17d46c1ebc05ffdcf6
Netem/netem_telemetry_loss.csv,82058,.csv,f679022b20e31954bbc65ee7ceee5413f70ce08389d16ec8328e85368fd8e2f1
Netem/netem_telemetry_loss_delayed.csv,1780,.csv,7e88aaf96bed8a9f7cdf3ca11a43ecaa152eb5c431f28a8894ac5768af917f08
Netem/netem_telemetry_partial_baseline_pdv.csv,81028,.csv,0d9c7391c1a63757804e46de3b2befa895c7c58a78c24cd05fff99aa901dec71
Netem/netem_telemetry_pdv.csv,544194,.csv,d767e63c4c147a48b5af0467ac72fbd3a5ec46c15dd2d1c459fe81077a2024b0
Netem/splane_telemetry.csv,15544559,.csv,32c9e8facee1fa73cb83b64bd4ebacca6ba0d4ff039f933d1dae137dd0f7a9be
Netem/splane_windows.csv,1839349,.csv,e08c670259615e5a9c0b0e9b9efdfaee8ebdb433de1adf51dfa7a59cfe15df6d
Synthetic S-Plane/DATASHEET.md,470,.md,848e5b8d80413fe9776f1e127537bf656710b1b995e0963b7976f7c31d65ba09
Synthetic S-Plane/splane_telemetry.csv,15544559,.csv,32c9e8facee1fa73cb83b64bd4ebacca6ba0d4ff039f933d1dae137dd0f7a9be
Synthetic S-Plane/splane_windows.csv,1839349,.csv,e08c670259615e5a9c0b0e9b9efdfaee8ebdb433de1adf51dfa7a59cfe15df6d
timesafe/timesafe_multi_raw/announce_session_1.pcap,3933172,.pcap,d2c91b3e4f09a3ecaffc81b9fb5b45b874adf2946ed88fc3eccaeaf3a631983e
timesafe/timesafe_multi_raw/announce_session_1_labels.csv,1850844,.csv,6a03a10bd9f4748031a7e8dc66305107d734db01079499fd7018661ba501046a
timesafe/timesafe_multi_raw/announce_session_2.pcap,3933172,.pcap,d2c91b3e4f09a3ecaffc81b9fb5b45b874adf2946ed88fc3eccaeaf3a631983e
timesafe/timesafe_multi_raw/announce_session_2_labels.csv,1850844,.csv,840769d5c5c54177dc3ee9ae1648f4edf36450b817c11b129c8e8973641fb689
timesafe/timesafe_multi_raw/announce_session_3.pcap,513292,.pcap,84e637f174b24879dfee97b2694ab2a925b5e07b6df1c1f6435c2e2b50e7e632
timesafe/timesafe_multi_raw/announce_session_3_labels.csv,238689,.csv,c680567aa1f69fdd6069b7eaa152bb4fe82033f7303349aab86093f0a36e45d9
timesafe/timesafe_multi_raw/sync_followup_session.pcap,683069,.pcap,0092ac2ccd29576fcbf0dfeec263344750814c7526c6101a6ef4ac4d76e64c9a
timesafe/timesafe_multi_raw/sync_followup_session_labels.csv,332549,.csv,ed7eae47c2d5d880082a02e963e8148e02acbba0c823edecd132df4a3de68f17
timesafe/timesafe_multi_raw/sync_singlestep_session.pcap,738222,.pcap,0cde58c560d71df4585faf8aeb4f158970d15f61461f922c5ff2c929e16d31fa
timesafe/timesafe_multi_raw/sync_singlestep_session_labels.csv,353330,.csv,2e8f165aded9a86a79fd0403ccfd0e5a3520fef0117198f96117cbc76d98139e
timesafe/timesafe_prod_successful_announce_attack_labeled.csv,518305,.csv,25952abb52085e8ca7f6d618c5c0329a415ea09a8687b4ecddcc34985720f655
timesafe/timesafe_prod_successful_announce_attack_ptp.csv,861923,.csv,84dda5b1441acbff265f938663aec9ac802d227f751ca670ec459e7f79e3c2c4
timesafe/timesafe_prod_successful_announce_attack_ptp.pcap,1086860,.pcap,0690ed95ddc3134e0dbec8e0d7a79b65b379c9574542a7792c1ff2f5a1b20599
timesafe/timesafe_sessions/announce_session_1__announce.csv,8313230,.csv,f46dd57f4014b53d5ab6ead7cd699a3921f1152525c43826049bc2827ee47ef5
timesafe/timesafe_sessions/announce_session_1__benign.csv,2305,.csv,9acc52c25bfc75a3b45e5817acc5cf72664843b27393f80deec87cab6130a510
timesafe/timesafe_sessions/announce_session_2__announce.csv,8314103,.csv,15502b1211f86aab2d048fc81b4733e0015a08284d4e3da1c3bb42c7371731f8
timesafe/timesafe_sessions/announce_session_2__benign.csv,1432,.csv,3412791daa9e6659874670268c9325571d0a1030ded74371930d893b3a75a865
timesafe/timesafe_sessions/announce_session_3__announce.csv,817989,.csv,26ee3bfec4c9182cc806d533118acd9e8901a96ace2b91470e17b510016fdee3
timesafe/timesafe_sessions/announce_session_3__benign.csv,273829,.csv,86aaee53461319198412f9e6680e0ed4a7707e11ff3d73a265268cfde5eddeff
timesafe/timesafe_sessions/sync_followup_session__benign.csv,206437,.csv,c683b7ecf6f894c8c0309b8c8f0604c744f4090a183ec48c2ba9f3d49fcf9a08
timesafe/timesafe_sessions/sync_followup_session__sync_follow_up.csv,1595344,.csv,ca9f989d0a8ba271121458b9085422a6439e2afa84805fba8d43558c528b2e92
timesafe/timesafe_sessions/sync_singlestep_session__benign.csv,371188,.csv,8b52ff5c1f99b86c414b8029217e8106dd937e4089968e446c0f77f3ef342c1d
timesafe/timesafe_sessions/sync_singlestep_session__sync_single_step.csv,1893313,.csv,e9afe714a2d8aee017b071f3ae3d12bf5fbb4cd4b9d0cb9defa634073836e3a8
timesafe/timesafe_split_attack_telemetry.csv,57972,.csv,bcacba131db2cd99eb5e233985d139114ff512d1b63fdc8d3472e56fa4fe4e60
timesafe/timesafe_split_benign_telemetry.csv,409161,.csv,122b4d92418806d8515cb4f4be0b32548e1a9f26d84a99ad9ba18664ed5a10e9
