bundle_path,canonical_path,canonical_exists,byte_identical
Netem/DATASHEET.md,dataset/DATASHEET.md,True,True
Netem/fail_closed_holdover.pcap,results/tier2/netem/fail_closed_holdover.pcap,True,True
Netem/fail_closed_holdover_after.pcap,results/tier2/netem/fail_closed_holdover_after.pcap,True,True
Netem/fail_closed_live_decisions.csv,results/tier2/netem/fail_closed_live_decisions.csv,True,True
Netem/fail_closed_live_decisions.summary.json,results/tier2/netem/fail_closed_live_decisions.summary.json,True,True
Netem/fail_closed_live_decisions_after.csv,results/tier2/netem/fail_closed_live_decisions_after.csv,True,True
Netem/fail_closed_live_decisions_after.summary.json,results/tier2/netem/fail_closed_live_decisions_after.summary.json,True,True
Netem/fail_closed_live_decisions_after_telemetry.csv,results/tier2/netem/fail_closed_live_decisions_after_telemetry.csv,True,True
Netem/fail_closed_live_decisions_telemetry.csv,results/tier2/netem/fail_closed_live_decisions_telemetry.csv,True,True
Netem/holdover.pcap,results/tier2/netem/holdover.pcap,True,True
Netem/loss2.pcap,results/tier2/netem/loss2.pcap,True,True
Netem/model/discriminator_metrics.csv,results/tier2/netem/model/discriminator_metrics.csv,True,True
Netem/netem_baseline.pcap,results/tier2/netem/netem_baseline.pcap,True,True
Netem/netem_holdover.pcap,results/tier2/netem/netem_holdover.pcap,True,True
Netem/netem_loss.pcap,results/tier2/netem/netem_loss.pcap,True,True
Netem/netem_partial_capture_summary.csv,results/tier2/netem/netem_partial_capture_summary.csv,True,True
Netem/netem_pdv.pcap,results/tier2/netem/netem_pdv.pcap,True,True
Netem/netem_run_status.csv,results/tier2/netem/netem_run_status.csv,True,True
Netem/netem_telemetry.csv,results/tier2/netem/netem_telemetry.csv,True,True
Netem/netem_telemetry_baseline.csv,results/tier2/netem/netem_telemetry_baseline.csv,True,True
Netem/netem_telemetry_holdover.csv,results/tier2/netem/netem_telemetry_holdover.csv,True,True
Netem/netem_telemetry_holdover_delayed.csv,results/tier2/netem/netem_telemetry_holdover_delayed.csv,True,True
Netem/netem_telemetry_holdover_manual.csv,results/tier2/netem/netem_telemetry_holdover_manual.csv,True,True
Netem/netem_telemetry_loss.csv,results/tier2/netem/netem_telemetry_loss.csv,True,True
Netem/netem_telemetry_loss_delayed.csv,results/tier2/netem/netem_telemetry_loss_delayed.csv,True,True
Netem/netem_telemetry_partial_baseline_pdv.csv,results/tier2/netem/netem_telemetry_partial_baseline_pdv.csv,True,True
Netem/netem_telemetry_pdv.csv,results/tier2/netem/netem_telemetry_pdv.csv,True,True
Netem/splane_telemetry.csv,dataset/splane_telemetry.csv,True,True
Netem/splane_windows.csv,dataset/splane_windows.csv,True,True
Synthetic S-Plane/DATASHEET.md,dataset/DATASHEET.md,True,True
Synthetic S-Plane/splane_telemetry.csv,dataset/splane_telemetry.csv,True,True
Synthetic S-Plane/splane_windows.csv,dataset/splane_windows.csv,True,True
timesafe/timesafe_multi_raw/announce_session_1.pcap,data/external/timesafe_multi_raw/announce_session_1.pcap,True,True
timesafe/timesafe_multi_raw/announce_session_1_labels.csv,data/external/timesafe_multi_raw/announce_session_1_labels.csv,True,True
timesafe/timesafe_multi_raw/announce_session_2.pcap,data/external/timesafe_multi_raw/announce_session_2.pcap,True,True
timesafe/timesafe_multi_raw/announce_session_2_labels.csv,data/external/timesafe_multi_raw/announce_session_2_labels.csv,True,True
timesafe/timesafe_multi_raw/announce_session_3.pcap,data/external/timesafe_multi_raw/announce_session_3.pcap,True,True
timesafe/timesafe_multi_raw/announce_session_3_labels.csv,data/external/timesafe_multi_raw/announce_session_3_labels.csv,True,True
timesafe/timesafe_multi_raw/sync_followup_session.pcap,data/external/timesafe_multi_raw/sync_followup_session.pcap,True,True
timesafe/timesafe_multi_raw/sync_followup_session_labels.csv,data/external/timesafe_multi_raw/sync_followup_session_labels.csv,True,True
timesafe/timesafe_multi_raw/sync_singlestep_session.pcap,data/external/timesafe_multi_raw/sync_singlestep_session.pcap,True,True
timesafe/timesafe_multi_raw/sync_singlestep_session_labels.csv,data/external/timesafe_multi_raw/sync_singlestep_session_labels.csv,True,True
timesafe/timesafe_prod_successful_announce_attack_labeled.csv,data/external/timesafe_prod_successful_announce_attack_labeled.csv,True,True
timesafe/timesafe_prod_successful_announce_attack_ptp.csv,data/external/timesafe_prod_successful_announce_attack_ptp.csv,True,True
timesafe/timesafe_prod_successful_announce_attack_ptp.pcap,data/external/timesafe_prod_successful_announce_attack_ptp.pcap,True,True
timesafe/timesafe_sessions/announce_session_1__announce.csv,data/external/timesafe_sessions/announce_session_1__announce.csv,True,True
timesafe/timesafe_sessions/announce_session_1__benign.csv,data/external/timesafe_sessions/announce_session_1__benign.csv,True,True
timesafe/timesafe_sessions/announce_session_2__announce.csv,data/external/timesafe_sessions/announce_session_2__announce.csv,True,True
timesafe/timesafe_sessions/announce_session_2__benign.csv,data/external/timesafe_sessions/announce_session_2__benign.csv,True,True
timesafe/timesafe_sessions/announce_session_3__announce.csv,data/external/timesafe_sessions/announce_session_3__announce.csv,True,True
timesafe/timesafe_sessions/announce_session_3__benign.csv,data/external/timesafe_sessions/announce_session_3__benign.csv,True,True
timesafe/timesafe_sessions/sync_followup_session__benign.csv,data/external/timesafe_sessions/sync_followup_session__benign.csv,True,True
timesafe/timesafe_sessions/sync_followup_session__sync_follow_up.csv,data/external/timesafe_sessions/sync_followup_session__sync_follow_up.csv,True,True
timesafe/timesafe_sessions/sync_singlestep_session__benign.csv,data/external/timesafe_sessions/sync_singlestep_session__benign.csv,True,True
timesafe/timesafe_sessions/sync_singlestep_session__sync_single_step.csv,data/external/timesafe_sessions/sync_singlestep_session__sync_single_step.csv,True,True
timesafe/timesafe_split_attack_telemetry.csv,data/external/timesafe_split_attack_telemetry.csv,True,True
timesafe/timesafe_split_benign_telemetry.csv,data/external/timesafe_split_benign_telemetry.csv,True,True
