scenario,classification,feature,healthy_mean,event_mean,absolute_change,standardized_change,absolute_standardized_change
gnss_jam,H1 problem,gnss_loss_rate,0.04078045834009484,0.9499260792430515,0.9091456209029567,10.560073740003103,10.560073740003103
gnss_jam,H1 problem,holdover_rate,0.04565370260182831,0.9513305736250739,0.9056768710232456,9.930562122126771,9.930562122126771
gnss_jam,H1 problem,holdover_spec_violation_rate,0.04259614864499378,0.8852158486102898,0.842619699965296,9.628325881348289,9.628325881348289
gnss_jam,H1 problem,holdover_entry_count,0.039568345323741004,0.9831460674157303,0.9435777220919893,4.83156679436584,4.83156679436584
gnss_jam,H1 problem,satellites_drop_max,3.2517985611510793,0.25842696629213485,-2.9933715948589446,-3.075672121798508,3.075672121798508
gnss_jam,H1 problem,drift_vs_declared_state_residual,0.6497017102149424,3.2389477854975683,2.589246075282626,2.402517407793984,2.402517407793984
gnss_loss_holdover,H0 degradation,gnss_loss_rate,0.03890977443609023,0.9488011695906433,0.9098913951545531,11.084051510014316,11.084051510014316
gnss_loss_holdover,H0 degradation,holdover_rate,0.037606243870545925,0.9457456140350877,0.9081393701645418,10.934833993515191,10.934833993515191
gnss_loss_holdover,H0 degradation,holdover_entry_count,0.028985507246376812,0.9555555555555556,0.9265700483091788,5.512984288925786,5.512984288925786
gnss_loss_holdover,H0 degradation,holdover_spec_violation_rate,0.01695406995750245,0.001388888888888889,-0.015565181068613562,-0.5238824857429267,0.5238824857429267
gnss_spoof,H1 problem,drift_vs_declared_state_residual,0.6042654131621289,6.450813056948956,5.846547643786827,5.78490490870065,5.78490490870065
gnss_spoof,H1 problem,status_behaviour_disagreement,0.16019878215394082,0.9574830932078802,0.7972843110539394,2.781950510228,2.781950510228
gnss_spoof,H1 problem,offset_step_vs_drift_ratio,196.57034742182066,105.66091761355895,-90.9094298082617,-2.084110470009616,2.084110470009616
pdv_congestion,H0 degradation,path_delay_mean,50002.22410079245,50072.421483118254,70.1973823258013,8.560094397856286,8.560094397856286
pdv_congestion,H0 degradation,offset_abs_max,24.591044365732717,105.60722386426526,81.01617949853255,4.010712035331172,4.010712035331172
pdv_congestion,H0 degradation,pdv_std,19.667515947623805,35.41047803078196,15.742962083158154,2.1711900462664078,2.1711900462664078
planned_gm_failover,H0 confounder,gm_identity_changes,0.07971014492753623,0.13333333333333333,0.053623188405797106,0.19762656519794816,0.19762656519794816
planned_gm_failover,H0 confounder,clock_class_changes,0.07971014492753623,0.13333333333333333,0.053623188405797106,0.19762656519794816,0.19762656519794816
planned_gm_failover,H0 confounder,steps_removed_changes,0.07971014492753623,0.13333333333333333,0.053623188405797106,0.19762656519794816,0.19762656519794816
planned_gm_failover,H0 confounder,priority1_changes,0.0,0.0,0.0,0.0,0.0
ptp_dos_flood,H1 problem,msg_rate_mean,78.40916099165398,1326.526922434941,1248.117761443287,10.863681244031019,10.863681244031019
ptp_dos_flood,H1 problem,msg_rate_std,47.894042767541926,526.7529343926252,478.8588916250833,2.876864449586105,2.876864449586105
ptp_dos_flood,H1 problem,msg_irregularity,0.0,0.0,0.0,0.0,0.0
ptp_replay,H1 problem,seq_regressions,0.061371841155234655,2.899441340782123,2.8380694996268883,9.633059955062828,9.633059955062828
ptp_replay,H1 problem,offset_step_vs_drift_ratio,230.7183296103157,651.9230512033424,421.20472159302676,3.3587531847217162,3.3587531847217162
ptp_replay,H1 problem,msg_irregularity,0.0,0.0,0.0,0.0,0.0
ptp_spoof,H1 problem,offset_abs_max,40.33312165713596,413.1749731865645,372.84185152942854,4.932260036310289,4.932260036310289
ptp_spoof,H1 problem,gm_identity_changes,0.07942238267148015,0.12849162011173185,0.0490692374402517,0.18114331190068358,0.18114331190068358
ptp_spoof,H1 problem,priority1_changes,0.07942238267148015,0.12849162011173185,0.0490692374402517,0.18114331190068358,0.18114331190068358
ptp_spoof,H1 problem,steps_removed_changes,0.07942238267148015,0.12849162011173185,0.0490692374402517,0.18114331190068358,0.18114331190068358
ptp_spoof,H1 problem,clock_class_improve_jump,0.3898916967509025,0.553072625698324,0.16318092894742153,0.08890122744819004,0.08890122744819004
synce_degrade,H0 degradation,offset_abs_max,23.632037530195507,82.71362997908136,59.08159244888586,2.585963644194435,2.585963644194435
synce_degrade,H0 degradation,synce_ql_max,2.812274368231047,4.0,1.187725631768953,0.8893710392052108,0.8893710392052108
traffic_burst,H0 confounder,msg_rate_mean,58.938010383703165,467.92308060049083,408.9850702167877,11.524999049683586,11.524999049683586
traffic_burst,H0 confounder,msg_rate_std,15.459080713883518,51.64980282122814,36.19072210734463,0.7124209931229537,0.7124209931229537
traffic_burst,H0 confounder,msg_irregularity,0.0,0.0,0.0,0.0,0.0
