scenario,classification,change,first_location_to_inspect,strongest_observed_signals,event_windows,healthy_control_windows,operator_response
ptp_spoof,H1 problem,Forged superior Announce / grandmaster takeover,PTP grandmaster election (BMCA) at the O-DU/O-RU S-plane boundary,"offset_abs_max, gm_identity_changes, priority1_changes",179,277,Quarantine the unexpected GM; verify Announce source and BMCA attributes.
ptp_replay,H1 problem,Replayed/out-of-order Sync and Follow-Up messages,PTP packet stream on the Open Fronthaul transport path,"seq_regressions, offset_step_vs_drift_ratio, msg_irregularity",179,277,Block the replay source and reset/revalidate sequence continuity.
ptp_dos_flood,H1 problem,PTP message-rate flood,S-plane ingress/transport link before the O-DU PTP stack,"msg_rate_mean, msg_rate_std, msg_irregularity",179,277,Rate-limit the offending source while preserving trusted timing traffic.
gnss_jam,H1 problem,GNSS loss/jamming followed by oscillator holdover,"GNSS receiver, antenna/RF feed, or local timing source","gnss_loss_rate, holdover_rate, holdover_spec_violation_rate",178,278,Switch to a trusted clock/LLS-C source and inspect the GNSS RF chain.
gnss_spoof,H1 problem,Manipulated GNSS time reference,GNSS time source; corroboration is required outside the receiver,"drift_vs_declared_state_residual, status_behaviour_disagreement, offset_step_vs_drift_ratio",179,277,Cross-check with authenticated GNSS or an independent physical clock.
pdv_congestion,H0 degradation,Packet-delay variation / congestion,"Fronthaul switches, queues, link scheduling, or competing traffic","path_delay_mean, offset_abs_max, pdv_std",177,279,Inspect queue occupancy/QoS and reroute or reprioritize timing packets.
traffic_burst,H0 confounder,Legitimate message-rate burst,Fronthaul traffic source; not a timing attack by itself,"msg_rate_mean, msg_rate_std, msg_irregularity",179,277,Observe unless timing quality also degrades; do not auto-quarantine.
planned_gm_failover,H0 confounder,Authorized grandmaster re-parenting,PTP BMCA/grandmaster redundancy plane,"gm_identity_changes, clock_class_changes, steps_removed_changes",180,276,Validate the maintenance/failover ticket and continue monitoring.
synce_degrade,H0 degradation,SyncE quality-level degradation,Ethernet Equipment Clock / SyncE distribution chain,"offset_abs_max, synce_ql_max",179,277,Trace QL advertisements and switch to the best available EEC source.
gnss_loss_holdover,H0 degradation,Benign GNSS loss entering specified holdover,GNSS availability/local oscillator (within declared holdover envelope),"gnss_loss_rate, holdover_rate, holdover_entry_count",180,276,Monitor holdover duration and drift; escalate only on envelope violation.
