params,exceeds_budget,offset_ns,transformer_representable,transformer_flagged,rf_flagged,openset_flagged
"{""duration_s"":3.0,""forged_fields"":[""sequence_id""],""injection_cadence_s"":0.04,""magnitude_ns"":40.0,""onset_s"":2.0,""ramp_rate_ns_per_s"":0.0,""replay_depth"":1,""seed"":1588}",False,18.581468311207402,True,True,False,False
"{""duration_s"":3.0,""forged_fields"":[""sequence_id"",""origin_timestamp""],""injection_cadence_s"":0.04,""magnitude_ns"":40.0,""onset_s"":2.0,""ramp_rate_ns_per_s"":0.0,""replay_depth"":2,""seed"":1589}",True,108.01764986598621,True,True,False,True
"{""duration_s"":3.0,""forged_fields"":[""sequence_id""],""injection_cadence_s"":0.04,""magnitude_ns"":40.0,""onset_s"":2.0,""ramp_rate_ns_per_s"":30.0,""replay_depth"":3,""seed"":1590}",False,16.97750082621436,True,True,False,True
"{""duration_s"":3.0,""forged_fields"":[""sequence_id"",""origin_timestamp""],""injection_cadence_s"":0.04,""magnitude_ns"":40.0,""onset_s"":2.0,""ramp_rate_ns_per_s"":30.0,""replay_depth"":1,""seed"":1591}",True,293.665957211059,True,True,True,False
"{""duration_s"":3.0,""forged_fields"":[""sequence_id""],""injection_cadence_s"":0.1,""magnitude_ns"":40.0,""onset_s"":2.0,""ramp_rate_ns_per_s"":0.0,""replay_depth"":2,""seed"":1592}",False,14.768729851443428,True,True,False,False
"{""duration_s"":3.0,""forged_fields"":[""sequence_id"",""origin_timestamp""],""injection_cadence_s"":0.1,""magnitude_ns"":40.0,""onset_s"":2.0,""ramp_rate_ns_per_s"":0.0,""replay_depth"":3,""seed"":1593}",False,69.43905569379906,True,True,False,False
"{""duration_s"":3.0,""forged_fields"":[""sequence_id""],""injection_cadence_s"":0.1,""magnitude_ns"":40.0,""onset_s"":2.0,""ramp_rate_ns_per_s"":30.0,""replay_depth"":1,""seed"":1594}",False,18.778034337073805,True,True,False,False
"{""duration_s"":3.0,""forged_fields"":[""sequence_id"",""origin_timestamp""],""injection_cadence_s"":0.1,""magnitude_ns"":40.0,""onset_s"":2.0,""ramp_rate_ns_per_s"":30.0,""replay_depth"":2,""seed"":1595}",True,167.48106044457768,True,True,True,False
"{""duration_s"":3.0,""forged_fields"":[""sequence_id""],""injection_cadence_s"":0.2,""magnitude_ns"":40.0,""onset_s"":2.0,""ramp_rate_ns_per_s"":0.0,""replay_depth"":3,""seed"":1596}",False,19.455200710145768,True,True,False,False
"{""duration_s"":3.0,""forged_fields"":[""sequence_id"",""origin_timestamp""],""injection_cadence_s"":0.2,""magnitude_ns"":40.0,""onset_s"":2.0,""ramp_rate_ns_per_s"":0.0,""replay_depth"":1,""seed"":1597}",False,54.19029442998087,True,True,False,False
"{""duration_s"":3.0,""forged_fields"":[""sequence_id""],""injection_cadence_s"":0.2,""magnitude_ns"":40.0,""onset_s"":2.0,""ramp_rate_ns_per_s"":30.0,""replay_depth"":2,""seed"":1598}",False,18.35973636036196,True,True,False,False
"{""duration_s"":3.0,""forged_fields"":[""sequence_id"",""origin_timestamp""],""injection_cadence_s"":0.2,""magnitude_ns"":40.0,""onset_s"":2.0,""ramp_rate_ns_per_s"":30.0,""replay_depth"":3,""seed"":1599}",True,144.14459696482587,True,True,False,False
"{""duration_s"":3.0,""forged_fields"":[""sequence_id""],""injection_cadence_s"":0.04,""magnitude_ns"":90.0,""onset_s"":2.0,""ramp_rate_ns_per_s"":0.0,""replay_depth"":1,""seed"":1600}",False,15.262808244505676,True,True,False,False
"{""duration_s"":3.0,""forged_fields"":[""sequence_id"",""origin_timestamp""],""injection_cadence_s"":0.04,""magnitude_ns"":90.0,""onset_s"":2.0,""ramp_rate_ns_per_s"":0.0,""replay_depth"":2,""seed"":1601}",True,209.94782506523435,True,True,True,True
"{""duration_s"":3.0,""forged_fields"":[""sequence_id""],""injection_cadence_s"":0.04,""magnitude_ns"":90.0,""onset_s"":2.0,""ramp_rate_ns_per_s"":30.0,""replay_depth"":3,""seed"":1602}",False,17.290637936628904,True,True,False,True
"{""duration_s"":3.0,""forged_fields"":[""sequence_id"",""origin_timestamp""],""injection_cadence_s"":0.04,""magnitude_ns"":90.0,""onset_s"":2.0,""ramp_rate_ns_per_s"":30.0,""replay_depth"":1,""seed"":1603}",True,390.53432631357464,True,True,True,False
"{""duration_s"":3.0,""forged_fields"":[""sequence_id""],""injection_cadence_s"":0.1,""magnitude_ns"":90.0,""onset_s"":2.0,""ramp_rate_ns_per_s"":0.0,""replay_depth"":2,""seed"":1604}",False,14.469805667022637,True,True,False,False
"{""duration_s"":3.0,""forged_fields"":[""sequence_id"",""origin_timestamp""],""injection_cadence_s"":0.1,""magnitude_ns"":90.0,""onset_s"":2.0,""ramp_rate_ns_per_s"":0.0,""replay_depth"":3,""seed"":1605}",True,126.88564945242877,True,True,False,False
"{""duration_s"":3.0,""forged_fields"":[""sequence_id""],""injection_cadence_s"":0.1,""magnitude_ns"":90.0,""onset_s"":2.0,""ramp_rate_ns_per_s"":30.0,""replay_depth"":1,""seed"":1606}",False,13.586777037336402,True,True,False,False
"{""duration_s"":3.0,""forged_fields"":[""sequence_id"",""origin_timestamp""],""injection_cadence_s"":0.1,""magnitude_ns"":90.0,""onset_s"":2.0,""ramp_rate_ns_per_s"":30.0,""replay_depth"":2,""seed"":1607}",True,227.20651456472982,True,True,True,False
"{""duration_s"":3.0,""forged_fields"":[""sequence_id""],""injection_cadence_s"":0.2,""magnitude_ns"":90.0,""onset_s"":2.0,""ramp_rate_ns_per_s"":0.0,""replay_depth"":3,""seed"":1608}",False,16.12433501677078,True,True,False,False
"{""duration_s"":3.0,""forged_fields"":[""sequence_id"",""origin_timestamp""],""injection_cadence_s"":0.2,""magnitude_ns"":90.0,""onset_s"":2.0,""ramp_rate_ns_per_s"":0.0,""replay_depth"":1,""seed"":1609}",True,107.43031527330356,True,True,False,False
"{""duration_s"":3.0,""forged_fields"":[""sequence_id""],""injection_cadence_s"":0.2,""magnitude_ns"":90.0,""onset_s"":2.0,""ramp_rate_ns_per_s"":30.0,""replay_depth"":2,""seed"":1610}",False,12.628585017646648,True,True,False,False
"{""duration_s"":3.0,""forged_fields"":[""sequence_id"",""origin_timestamp""],""injection_cadence_s"":0.2,""magnitude_ns"":90.0,""onset_s"":2.0,""ramp_rate_ns_per_s"":30.0,""replay_depth"":3,""seed"":1611}",True,188.0433174551524,True,True,True,False
"{""duration_s"":3.0,""forged_fields"":[""sequence_id""],""injection_cadence_s"":0.04,""magnitude_ns"":140.0,""onset_s"":2.0,""ramp_rate_ns_per_s"":0.0,""replay_depth"":1,""seed"":1612}",False,14.066963360935574,True,True,False,False
"{""duration_s"":3.0,""forged_fields"":[""sequence_id"",""origin_timestamp""],""injection_cadence_s"":0.04,""magnitude_ns"":140.0,""onset_s"":2.0,""ramp_rate_ns_per_s"":0.0,""replay_depth"":2,""seed"":1613}",True,321.18979248026994,True,True,True,True
"{""duration_s"":3.0,""forged_fields"":[""sequence_id""],""injection_cadence_s"":0.04,""magnitude_ns"":140.0,""onset_s"":2.0,""ramp_rate_ns_per_s"":30.0,""replay_depth"":3,""seed"":1614}",False,14.19472856816892,True,True,False,True
"{""duration_s"":3.0,""forged_fields"":[""sequence_id"",""origin_timestamp""],""injection_cadence_s"":0.04,""magnitude_ns"":140.0,""onset_s"":2.0,""ramp_rate_ns_per_s"":30.0,""replay_depth"":1,""seed"":1615}",True,506.52414273233023,True,True,True,False
"{""duration_s"":3.0,""forged_fields"":[""sequence_id""],""injection_cadence_s"":0.1,""magnitude_ns"":140.0,""onset_s"":2.0,""ramp_rate_ns_per_s"":0.0,""replay_depth"":2,""seed"":1616}",False,15.771264058317584,True,True,False,False
"{""duration_s"":3.0,""forged_fields"":[""sequence_id"",""origin_timestamp""],""injection_cadence_s"":0.1,""magnitude_ns"":140.0,""onset_s"":2.0,""ramp_rate_ns_per_s"":0.0,""replay_depth"":3,""seed"":1617}",True,187.81420637238983,True,True,True,False
"{""duration_s"":3.0,""forged_fields"":[""sequence_id""],""injection_cadence_s"":0.1,""magnitude_ns"":140.0,""onset_s"":2.0,""ramp_rate_ns_per_s"":30.0,""replay_depth"":1,""seed"":1618}",False,16.255556505717653,True,True,False,False
"{""duration_s"":3.0,""forged_fields"":[""sequence_id"",""origin_timestamp""],""injection_cadence_s"":0.1,""magnitude_ns"":140.0,""onset_s"":2.0,""ramp_rate_ns_per_s"":30.0,""replay_depth"":2,""seed"":1619}",True,295.45414940919557,True,True,True,False
"{""duration_s"":3.0,""forged_fields"":[""sequence_id""],""injection_cadence_s"":0.2,""magnitude_ns"":140.0,""onset_s"":2.0,""ramp_rate_ns_per_s"":0.0,""replay_depth"":3,""seed"":1620}",False,17.33414275665503,True,True,False,False
"{""duration_s"":3.0,""forged_fields"":[""sequence_id"",""origin_timestamp""],""injection_cadence_s"":0.2,""magnitude_ns"":140.0,""onset_s"":2.0,""ramp_rate_ns_per_s"":0.0,""replay_depth"":1,""seed"":1621}",True,160.99578886894045,True,True,False,False
"{""duration_s"":3.0,""forged_fields"":[""sequence_id""],""injection_cadence_s"":0.2,""magnitude_ns"":140.0,""onset_s"":2.0,""ramp_rate_ns_per_s"":30.0,""replay_depth"":2,""seed"":1622}",False,12.899465759454426,True,True,False,False
"{""duration_s"":3.0,""forged_fields"":[""sequence_id"",""origin_timestamp""],""injection_cadence_s"":0.2,""magnitude_ns"":140.0,""onset_s"":2.0,""ramp_rate_ns_per_s"":30.0,""replay_depth"":3,""seed"":1623}",True,248.2397832743077,True,True,True,False
