action_executed,active_capture,active_path_evidence,arm,batch,bmca_failover_occurred,clean_after_trigger,condition,counted_in_agreement_test,detector_triggered,measured_scope,outcome_eligible,persistence_after_trigger,receiver_dispersion_label,receiver_first_window_dispersion_ns,run_id,standby_takeover_occurred,valid_gap_observations_after_trigger,valid_window_count
,capture_seg2.pcap,S11 sealed port-2 takeover after port-1 fault,action,,,True,,,,packet/protocol observation only; no physical recovery,True,0,,,20260913_s11_act1,,208,
,capture_seg2.pcap,S11 sealed port-2 takeover after port-1 fault,action,,,True,,,,packet/protocol observation only; no physical recovery,True,0,,,20260913_s11_act2,,229,
,capture_seg2.pcap,S11 sealed port-2 takeover after port-1 fault,action,,,True,,,,packet/protocol observation only; no physical recovery,True,0,,,20260913_s11_act3,,106,
,capture_seg2.pcap,S11 sealed port-2 takeover after port-1 fault,action,,,True,,,,packet/protocol observation only; no physical recovery,True,0,,,20260913_s11_act4,,228,
,capture_seg2.pcap,S11 sealed port-2 takeover after port-1 fault,action,,,True,,,,packet/protocol observation only; no physical recovery,True,0,,,20260913_s11_act5,,203,
,capture_seg1.pcap,S11 sealed no-action record with no port-1 fault/takeover,no_action,,,False,,,,packet/protocol observation only; no physical recovery,True,4,,,20260913_s11_noact1,,114,
,capture_seg1.pcap,S11 sealed no-action record with no port-1 fault/takeover,no_action,,,False,,,,packet/protocol observation only; no physical recovery,True,5,,,20260913_s11_noact2,,50,
,capture_seg1.pcap,S11 sealed no-action record with no port-1 fault/takeover,no_action,,,False,,,,packet/protocol observation only; no physical recovery,True,7,,,20260913_s11_noact3,,105,
,capture_seg1.pcap,S11 sealed no-action record with no port-1 fault/takeover,no_action,,,False,,,,packet/protocol observation only; no physical recovery,True,5,,,20260913_s11_noact4,,87,
,capture_seg1.pcap,S11 sealed no-action record with no port-1 fault/takeover,no_action,,,False,,,,packet/protocol observation only; no physical recovery,True,6,,,20260913_s11_noact5,,125,
False,,,no_action,s14,False,,baseline_clean,,False,packet/protocol observation only; no physical clock accuracy claimed,,,,,20260913_s14_base1,False,,
False,,,no_action,s14,False,,baseline_clean,,False,packet/protocol observation only; no physical clock accuracy claimed,,,,,20260913_s14_base2,False,,
False,,,no_action,s14,False,,baseline_clean,,False,packet/protocol observation only; no physical clock accuracy claimed,,,,,20260913_s14_base3,False,,
False,,,no_action,s14,False,,baseline_clean,,False,packet/protocol observation only; no physical clock accuracy claimed,,,,,20260913_s14_base4,False,,
False,,,no_action,s14,False,,baseline_clean,,False,packet/protocol observation only; no physical clock accuracy claimed,,,,,20260913_s14_base5,False,,
False,,,no_action,s14,False,,benign_delay_jitter,,False,packet/protocol observation only; no physical clock accuracy claimed,,,,,20260913_s14_bng1,False,,
False,,,no_action,s14,False,,benign_delay_jitter,,False,packet/protocol observation only; no physical clock accuracy claimed,,,,,20260913_s14_bng2,False,,
False,,,no_action,s14,False,,benign_delay_jitter,,False,packet/protocol observation only; no physical clock accuracy claimed,,,,,20260913_s14_bng3,False,,
False,,,no_action,s14,False,,benign_delay_jitter,,False,packet/protocol observation only; no physical clock accuracy claimed,,,,,20260913_s14_bng4,False,,
False,,,no_action,s14,False,,benign_delay_jitter,,False,packet/protocol observation only; no physical clock accuracy claimed,,,,,20260913_s14_bng5,False,,
True,,,action,s14,False,,jitter_fault_action,,True,packet/protocol observation only; no physical clock accuracy claimed,,,,,20260913_s14_jact1,True,,
True,,,action,s14,False,,jitter_fault_action,,True,packet/protocol observation only; no physical clock accuracy claimed,,,,,20260913_s14_jact2,True,,
True,,,action,s14,False,,jitter_fault_action,,True,packet/protocol observation only; no physical clock accuracy claimed,,,,,20260913_s14_jact3,True,,
True,,,action,s14,False,,jitter_fault_action,,True,packet/protocol observation only; no physical clock accuracy claimed,,,,,20260913_s14_jact4,True,,
True,,,action,s14,False,,jitter_fault_action,,True,packet/protocol observation only; no physical clock accuracy claimed,,,,,20260913_s14_jact5,True,,
False,,,no_action,s14,False,,jitter_fault_no_action,,True,packet/protocol observation only; no physical clock accuracy claimed,,,,,20260913_s14_jnoact1,False,,
False,,,no_action,s14,False,,jitter_fault_no_action,,True,packet/protocol observation only; no physical clock accuracy claimed,,,,,20260913_s14_jnoact2,False,,
False,,,no_action,s14,False,,jitter_fault_no_action,,True,packet/protocol observation only; no physical clock accuracy claimed,,,,,20260913_s14_jnoact3,False,,
False,,,no_action,s14,False,,jitter_fault_no_action,,True,packet/protocol observation only; no physical clock accuracy claimed,,,,,20260913_s14_jnoact4,False,,
False,,,no_action,s14,False,,jitter_fault_no_action,,True,packet/protocol observation only; no physical clock accuracy claimed,,,,,20260913_s14_jnoact5,False,,
False,,,no_action,s14,True,,authorized_source_failover,,False,packet/protocol observation only; no physical clock accuracy claimed,,,,,20260913_s14_asf1,False,,
False,,,no_action,s14,True,,authorized_source_failover,,False,packet/protocol observation only; no physical clock accuracy claimed,,,,,20260913_s14_asf2,False,,
False,,,no_action,s14,True,,authorized_source_failover,,False,packet/protocol observation only; no physical clock accuracy claimed,,,,,20260913_s14_asf3,False,,
False,,,no_action,s14,True,,authorized_source_failover,,False,packet/protocol observation only; no physical clock accuracy claimed,,,,,20260913_s14_asf4,False,,
False,,,no_action,s14,True,,authorized_source_failover,,False,packet/protocol observation only; no physical clock accuracy claimed,,,,,20260913_s14_asf5,False,,
False,,,no_action,s15,False,,j020,True,False,"packet/protocol observation plus receiver-side path-delay dispersion; no harm, service impact or physical clock accuracy claimed",,,RECEIVER_DISPERSION_BELOW_BOUNDARY,10657,20260913_s15_j020_r1,NOT_APPLICABLE,,4
False,,,no_action,s15,False,,j020,True,False,"packet/protocol observation plus receiver-side path-delay dispersion; no harm, service impact or physical clock accuracy claimed",,,RECEIVER_DISPERSION_BELOW_BOUNDARY,15822,20260913_s15_j020_r2,NOT_APPLICABLE,,4
False,,,no_action,s15,False,,j020,True,False,"packet/protocol observation plus receiver-side path-delay dispersion; no harm, service impact or physical clock accuracy claimed",,,RECEIVER_DISPERSION_BELOW_BOUNDARY,16008,20260913_s15_j020_r3,NOT_APPLICABLE,,4
False,,,no_action,s15,False,,j020,True,False,"packet/protocol observation plus receiver-side path-delay dispersion; no harm, service impact or physical clock accuracy claimed",,,RECEIVER_DISPERSION_BELOW_BOUNDARY,14620,20260913_s15_j020_r4,NOT_APPLICABLE,,4
False,,,no_action,s15,False,,j020,True,False,"packet/protocol observation plus receiver-side path-delay dispersion; no harm, service impact or physical clock accuracy claimed",,,RECEIVER_DISPERSION_BELOW_BOUNDARY,24405,20260913_s15_j020_r5,NOT_APPLICABLE,,4
False,,,no_action,s15,False,,j020,True,False,"packet/protocol observation plus receiver-side path-delay dispersion; no harm, service impact or physical clock accuracy claimed",,,RECEIVER_DISPERSION_BELOW_BOUNDARY,13464,20260913_s15_j020_r6,NOT_APPLICABLE,,4
False,,,no_action,s15,False,,j060,True,False,"packet/protocol observation plus receiver-side path-delay dispersion; no harm, service impact or physical clock accuracy claimed",,,RECEIVER_DISPERSION_BELOW_BOUNDARY,17033,20260913_s15_j060_r1,NOT_APPLICABLE,,4
False,,,no_action,s15,False,,j060,True,True,"packet/protocol observation plus receiver-side path-delay dispersion; no harm, service impact or physical clock accuracy claimed",,,RECEIVER_DISPERSION_BELOW_BOUNDARY,13480,20260913_s15_j060_r2,NOT_APPLICABLE,,4
False,,,no_action,s15,False,,j060,True,True,"packet/protocol observation plus receiver-side path-delay dispersion; no harm, service impact or physical clock accuracy claimed",,,RECEIVER_DISPERSION_BELOW_BOUNDARY,27743,20260913_s15_j060_r3,NOT_APPLICABLE,,4
False,,,no_action,s15,False,,j060,True,True,"packet/protocol observation plus receiver-side path-delay dispersion; no harm, service impact or physical clock accuracy claimed",,,RECEIVER_DISPERSION_BELOW_BOUNDARY,21673,20260913_s15_j060_r4,NOT_APPLICABLE,,4
False,,,no_action,s15,False,,j060,True,True,"packet/protocol observation plus receiver-side path-delay dispersion; no harm, service impact or physical clock accuracy claimed",,,RECEIVER_DISPERSION_BELOW_BOUNDARY,24560,20260913_s15_j060_r5,NOT_APPLICABLE,,4
False,,,no_action,s15,False,,j060,True,True,"packet/protocol observation plus receiver-side path-delay dispersion; no harm, service impact or physical clock accuracy claimed",,,RECEIVER_DISPERSION_BELOW_BOUNDARY,23840,20260913_s15_j060_r6,NOT_APPLICABLE,,4
False,,,no_action,s15,False,,j100,True,False,"packet/protocol observation plus receiver-side path-delay dispersion; no harm, service impact or physical clock accuracy claimed",,,RECEIVER_DISPERSION_ABOVE_BOUNDARY,31629,20260913_s15_j100_r1,NOT_APPLICABLE,,5
False,,,no_action,s15,False,,j100,True,False,"packet/protocol observation plus receiver-side path-delay dispersion; no harm, service impact or physical clock accuracy claimed",,,RECEIVER_DISPERSION_BELOW_BOUNDARY,25151,20260913_s15_j100_r2,NOT_APPLICABLE,,5
False,,,no_action,s15,False,,j100,True,True,"packet/protocol observation plus receiver-side path-delay dispersion; no harm, service impact or physical clock accuracy claimed",,,RECEIVER_DISPERSION_BELOW_BOUNDARY,28644,20260913_s15_j100_r3,NOT_APPLICABLE,,4
False,,,no_action,s15,False,,j100,True,True,"packet/protocol observation plus receiver-side path-delay dispersion; no harm, service impact or physical clock accuracy claimed",,,RECEIVER_DISPERSION_ABOVE_BOUNDARY,38563,20260913_s15_j100_r4,NOT_APPLICABLE,,4
False,,,no_action,s15,False,,j100,True,True,"packet/protocol observation plus receiver-side path-delay dispersion; no harm, service impact or physical clock accuracy claimed",,,RECEIVER_DISPERSION_BELOW_BOUNDARY,20564,20260913_s15_j100_r5,NOT_APPLICABLE,,4
False,,,no_action,s15,False,,j100,True,True,"packet/protocol observation plus receiver-side path-delay dispersion; no harm, service impact or physical clock accuracy claimed",,,RECEIVER_DISPERSION_ABOVE_BOUNDARY,32961,20260913_s15_j100_r6,NOT_APPLICABLE,,4
False,,,no_action,s15,False,,j140,True,True,"packet/protocol observation plus receiver-side path-delay dispersion; no harm, service impact or physical clock accuracy claimed",,,RECEIVER_DISPERSION_ABOVE_BOUNDARY,34752,20260913_s15_j140_r1,NOT_APPLICABLE,,4
False,,,no_action,s15,False,,j140,True,True,"packet/protocol observation plus receiver-side path-delay dispersion; no harm, service impact or physical clock accuracy claimed",,,RECEIVER_DISPERSION_ABOVE_BOUNDARY,29031,20260913_s15_j140_r2,NOT_APPLICABLE,,4
False,,,no_action,s15,False,,j140,True,True,"packet/protocol observation plus receiver-side path-delay dispersion; no harm, service impact or physical clock accuracy claimed",,,RECEIVER_DISPERSION_ABOVE_BOUNDARY,31635,20260913_s15_j140_r3,NOT_APPLICABLE,,4
False,,,no_action,s15,False,,j140,True,True,"packet/protocol observation plus receiver-side path-delay dispersion; no harm, service impact or physical clock accuracy claimed",,,RECEIVER_DISPERSION_ABOVE_BOUNDARY,36503,20260913_s15_j140_r4,NOT_APPLICABLE,,5
False,,,no_action,s15,False,,j140,True,True,"packet/protocol observation plus receiver-side path-delay dispersion; no harm, service impact or physical clock accuracy claimed",,,RECEIVER_DISPERSION_ABOVE_BOUNDARY,40689,20260913_s15_j140_r5,NOT_APPLICABLE,,4
False,,,no_action,s15,False,,j140,True,True,"packet/protocol observation plus receiver-side path-delay dispersion; no harm, service impact or physical clock accuracy claimed",,,RECEIVER_DISPERSION_ABOVE_BOUNDARY,33153,20260913_s15_j140_r6,NOT_APPLICABLE,,4
False,,,no_action,s15,False,,j200,True,True,"packet/protocol observation plus receiver-side path-delay dispersion; no harm, service impact or physical clock accuracy claimed",,,RECEIVER_DISPERSION_ABOVE_BOUNDARY,47618,20260913_s15_j200_r1,NOT_APPLICABLE,,4
False,,,no_action,s15,False,,j200,True,True,"packet/protocol observation plus receiver-side path-delay dispersion; no harm, service impact or physical clock accuracy claimed",,,RECEIVER_DISPERSION_ABOVE_BOUNDARY,63946,20260913_s15_j200_r2,NOT_APPLICABLE,,4
False,,,no_action,s15,False,,j200,True,True,"packet/protocol observation plus receiver-side path-delay dispersion; no harm, service impact or physical clock accuracy claimed",,,RECEIVER_DISPERSION_ABOVE_BOUNDARY,38693,20260913_s15_j200_r3,NOT_APPLICABLE,,4
False,,,no_action,s15,False,,j200,True,True,"packet/protocol observation plus receiver-side path-delay dispersion; no harm, service impact or physical clock accuracy claimed",,,RECEIVER_DISPERSION_ABOVE_BOUNDARY,51777,20260913_s15_j200_r4,NOT_APPLICABLE,,4
False,,,no_action,s15,False,,j200,True,True,"packet/protocol observation plus receiver-side path-delay dispersion; no harm, service impact or physical clock accuracy claimed",,,RECEIVER_DISPERSION_ABOVE_BOUNDARY,46562,20260913_s15_j200_r5,NOT_APPLICABLE,,4
False,,,no_action,s15,False,,j200,True,True,"packet/protocol observation plus receiver-side path-delay dispersion; no harm, service impact or physical clock accuracy claimed",,,RECEIVER_DISPERSION_ABOVE_BOUNDARY,47827,20260913_s15_j200_r6,NOT_APPLICABLE,,4
