batch_directory,json_action_command,json_arm,json_classification,json_command,json_detail,json_elapsed_s,json_event,json_frames,json_frames_consumed,json_monotonic_s,json_packet_ts,json_pcap_magic,json_reason,json_returncode,json_stderr_text,json_stdout_bytes,json_stream_id,json_triggered,json_ts_divisor,json_utc,original_line,run_id,s11_seal_scope,source_file,source_line_ordinal,source_sha256
s11_runs,ip netns exec s11sa1s ip link set s11sa1y1 down,action,,,,,stream_started,,,59.563491,,0xa1b23c4d,,,,,seg1-sa1,,1000000000.0,2026-09-13T04:52:26Z,"{""event"": ""stream_started"", ""utc"": ""2026-09-13T04:52:26Z"", ""monotonic_s"": 59.563491, ""arm"": ""action"", ""stream_id"": ""seg1-sa1"", ""pcap_magic"": ""0xa1b23c4d"", ""ts_divisor"": 1000000000.0, ""action_command"": ""ip netns exec s11sa1s ip link set s11sa1y1 down""}",20260913_s11_act1,SEALED_FULL_LOG_EVALUATION_EVIDENCE,decision_log.jsonl,1,032ccc12d451f128c723c7a8b968981fb1444ae45e5615a54fc423bd6a208e3e
s11_runs,,action,NONOVERLAPPING_BLOCK_PERSISTENCE_OBSERVED,,,,detection_trigger,,632,77.065779,1789275164.2239494,,prospective_causal_nonoverlap_block_count,,,,,,,2026-09-13T04:52:44Z,"{""event"": ""detection_trigger"", ""utc"": ""2026-09-13T04:52:44Z"", ""monotonic_s"": 77.065779, ""arm"": ""action"", ""classification"": ""NONOVERLAPPING_BLOCK_PERSISTENCE_OBSERVED"", ""reason"": ""prospective_causal_nonoverlap_block_count"", ""packet_ts"": 1789275164.2239494, ""frames_consumed"": 632}",20260913_s11_act1,SEALED_FULL_LOG_EVALUATION_EVIDENCE,decision_log.jsonl,2,032ccc12d451f128c723c7a8b968981fb1444ae45e5615a54fc423bd6a208e3e
s11_runs,,action,,ip netns exec s11sa1s ip link set s11sa1y1 down,,,action_intent,,,77.066975,,,,,,,,,,2026-09-13T04:52:44Z,"{""event"": ""action_intent"", ""utc"": ""2026-09-13T04:52:44Z"", ""monotonic_s"": 77.066975, ""arm"": ""action"", ""command"": ""ip netns exec s11sa1s ip link set s11sa1y1 down""}",20260913_s11_act1,SEALED_FULL_LOG_EVALUATION_EVIDENCE,decision_log.jsonl,3,032ccc12d451f128c723c7a8b968981fb1444ae45e5615a54fc423bd6a208e3e
s11_runs,,action,,,,0.00472,action_execution_result,,,77.072373,,,,0,,0,,,,2026-09-13T04:52:44Z,"{""event"": ""action_execution_result"", ""utc"": ""2026-09-13T04:52:44Z"", ""monotonic_s"": 77.072373, ""arm"": ""action"", ""returncode"": 0, ""elapsed_s"": 0.00472, ""stdout_bytes"": 0, ""stderr_text"": """"}",20260913_s11_act1,SEALED_FULL_LOG_EVALUATION_EVIDENCE,decision_log.jsonl,4,032ccc12d451f128c723c7a8b968981fb1444ae45e5615a54fc423bd6a208e3e
s11_runs,,action,,,,,stream_ended,636,,103.787335,,,,,,,,,,2026-09-13T04:53:11Z,"{""event"": ""stream_ended"", ""utc"": ""2026-09-13T04:53:11Z"", ""monotonic_s"": 103.787335, ""arm"": ""action"", ""frames"": 636}",20260913_s11_act1,SEALED_FULL_LOG_EVALUATION_EVIDENCE,decision_log.jsonl,5,032ccc12d451f128c723c7a8b968981fb1444ae45e5615a54fc423bd6a208e3e
s11_runs,,action,,,,,detector_finished,636,,103.790047,,,,,,,,True,,2026-09-13T04:53:11Z,"{""event"": ""detector_finished"", ""utc"": ""2026-09-13T04:53:11Z"", ""monotonic_s"": 103.790047, ""arm"": ""action"", ""frames"": 636, ""triggered"": true}",20260913_s11_act1,SEALED_FULL_LOG_EVALUATION_EVIDENCE,decision_log.jsonl,6,032ccc12d451f128c723c7a8b968981fb1444ae45e5615a54fc423bd6a208e3e
s11_runs,ip netns exec s11sa2s ip link set s11sa2y1 down,action,,,,,stream_started,,,156.647084,,0xa1b23c4d,,,,,seg1-sa2,,1000000000.0,2026-09-13T04:54:03Z,"{""event"": ""stream_started"", ""utc"": ""2026-09-13T04:54:03Z"", ""monotonic_s"": 156.647084, ""arm"": ""action"", ""stream_id"": ""seg1-sa2"", ""pcap_magic"": ""0xa1b23c4d"", ""ts_divisor"": 1000000000.0, ""action_command"": ""ip netns exec s11sa2s ip link set s11sa2y1 down""}",20260913_s11_act2,SEALED_FULL_LOG_EVALUATION_EVIDENCE,decision_log.jsonl,1,53282eaaa44154817ebb00da48f4150b2b745310d5c0157585686e19f8439406
s11_runs,,action,NONOVERLAPPING_BLOCK_PERSISTENCE_OBSERVED,,,,detection_trigger,,567,172.500547,1789275259.1617935,,prospective_causal_nonoverlap_block_count,,,,,,,2026-09-13T04:54:19Z,"{""event"": ""detection_trigger"", ""utc"": ""2026-09-13T04:54:19Z"", ""monotonic_s"": 172.500547, ""arm"": ""action"", ""classification"": ""NONOVERLAPPING_BLOCK_PERSISTENCE_OBSERVED"", ""reason"": ""prospective_causal_nonoverlap_block_count"", ""packet_ts"": 1789275259.1617935, ""frames_consumed"": 567}",20260913_s11_act2,SEALED_FULL_LOG_EVALUATION_EVIDENCE,decision_log.jsonl,2,53282eaaa44154817ebb00da48f4150b2b745310d5c0157585686e19f8439406
s11_runs,,action,,ip netns exec s11sa2s ip link set s11sa2y1 down,,,action_intent,,,172.501608,,,,,,,,,,2026-09-13T04:54:19Z,"{""event"": ""action_intent"", ""utc"": ""2026-09-13T04:54:19Z"", ""monotonic_s"": 172.501608, ""arm"": ""action"", ""command"": ""ip netns exec s11sa2s ip link set s11sa2y1 down""}",20260913_s11_act2,SEALED_FULL_LOG_EVALUATION_EVIDENCE,decision_log.jsonl,3,53282eaaa44154817ebb00da48f4150b2b745310d5c0157585686e19f8439406
s11_runs,,action,,,,0.00417,action_execution_result,,,172.506561,,,,0,,0,,,,2026-09-13T04:54:19Z,"{""event"": ""action_execution_result"", ""utc"": ""2026-09-13T04:54:19Z"", ""monotonic_s"": 172.506561, ""arm"": ""action"", ""returncode"": 0, ""elapsed_s"": 0.00417, ""stdout_bytes"": 0, ""stderr_text"": """"}",20260913_s11_act2,SEALED_FULL_LOG_EVALUATION_EVIDENCE,decision_log.jsonl,4,53282eaaa44154817ebb00da48f4150b2b745310d5c0157585686e19f8439406
s11_runs,,action,,,,,stream_ended,599,,201.220232,,,,,,,,,,2026-09-13T04:54:48Z,"{""event"": ""stream_ended"", ""utc"": ""2026-09-13T04:54:48Z"", ""monotonic_s"": 201.220232, ""arm"": ""action"", ""frames"": 599}",20260913_s11_act2,SEALED_FULL_LOG_EVALUATION_EVIDENCE,decision_log.jsonl,5,53282eaaa44154817ebb00da48f4150b2b745310d5c0157585686e19f8439406
s11_runs,,action,,,,,detector_finished,599,,201.221379,,,,,,,,True,,2026-09-13T04:54:48Z,"{""event"": ""detector_finished"", ""utc"": ""2026-09-13T04:54:48Z"", ""monotonic_s"": 201.221379, ""arm"": ""action"", ""frames"": 599, ""triggered"": true}",20260913_s11_act2,SEALED_FULL_LOG_EVALUATION_EVIDENCE,decision_log.jsonl,6,53282eaaa44154817ebb00da48f4150b2b745310d5c0157585686e19f8439406
s11_runs,ip netns exec s11sa3s ip link set s11sa3y1 down,action,,,,,stream_started,,,254.252322,,0xa1b23c4d,,,,,seg1-sa3,,1000000000.0,2026-09-13T04:55:41Z,"{""event"": ""stream_started"", ""utc"": ""2026-09-13T04:55:41Z"", ""monotonic_s"": 254.252322, ""arm"": ""action"", ""stream_id"": ""seg1-sa3"", ""pcap_magic"": ""0xa1b23c4d"", ""ts_divisor"": 1000000000.0, ""action_command"": ""ip netns exec s11sa3s ip link set s11sa3y1 down""}",20260913_s11_act3,SEALED_FULL_LOG_EVALUATION_EVIDENCE,decision_log.jsonl,1,d50246bf015da4825ed7385b53c89a1552737d81791e1626fc4319e665b47a8b
s11_runs,,action,NONOVERLAPPING_BLOCK_PERSISTENCE_OBSERVED,,,,detection_trigger,,1117,285.125161,1789275372.1603498,,prospective_causal_nonoverlap_block_count,,,,,,,2026-09-13T04:56:12Z,"{""event"": ""detection_trigger"", ""utc"": ""2026-09-13T04:56:12Z"", ""monotonic_s"": 285.125161, ""arm"": ""action"", ""classification"": ""NONOVERLAPPING_BLOCK_PERSISTENCE_OBSERVED"", ""reason"": ""prospective_causal_nonoverlap_block_count"", ""packet_ts"": 1789275372.1603498, ""frames_consumed"": 1117}",20260913_s11_act3,SEALED_FULL_LOG_EVALUATION_EVIDENCE,decision_log.jsonl,2,d50246bf015da4825ed7385b53c89a1552737d81791e1626fc4319e665b47a8b
s11_runs,,action,,ip netns exec s11sa3s ip link set s11sa3y1 down,,,action_intent,,,285.128744,,,,,,,,,,2026-09-13T04:56:12Z,"{""event"": ""action_intent"", ""utc"": ""2026-09-13T04:56:12Z"", ""monotonic_s"": 285.128744, ""arm"": ""action"", ""command"": ""ip netns exec s11sa3s ip link set s11sa3y1 down""}",20260913_s11_act3,SEALED_FULL_LOG_EVALUATION_EVIDENCE,decision_log.jsonl,3,d50246bf015da4825ed7385b53c89a1552737d81791e1626fc4319e665b47a8b
s11_runs,,action,,,,0.015534,action_execution_result,,,285.14683,,,,0,,0,,,,2026-09-13T04:56:12Z,"{""event"": ""action_execution_result"", ""utc"": ""2026-09-13T04:56:12Z"", ""monotonic_s"": 285.14683, ""arm"": ""action"", ""returncode"": 0, ""elapsed_s"": 0.015534, ""stdout_bytes"": 0, ""stderr_text"": """"}",20260913_s11_act3,SEALED_FULL_LOG_EVALUATION_EVIDENCE,decision_log.jsonl,4,d50246bf015da4825ed7385b53c89a1552737d81791e1626fc4319e665b47a8b
s11_runs,,action,,,,,stream_ended,1128,,298.885402,,,,,,,,,,2026-09-13T04:56:26Z,"{""event"": ""stream_ended"", ""utc"": ""2026-09-13T04:56:26Z"", ""monotonic_s"": 298.885402, ""arm"": ""action"", ""frames"": 1128}",20260913_s11_act3,SEALED_FULL_LOG_EVALUATION_EVIDENCE,decision_log.jsonl,5,d50246bf015da4825ed7385b53c89a1552737d81791e1626fc4319e665b47a8b
s11_runs,,action,,,,,detector_finished,1128,,298.886767,,,,,,,,True,,2026-09-13T04:56:26Z,"{""event"": ""detector_finished"", ""utc"": ""2026-09-13T04:56:26Z"", ""monotonic_s"": 298.886767, ""arm"": ""action"", ""frames"": 1128, ""triggered"": true}",20260913_s11_act3,SEALED_FULL_LOG_EVALUATION_EVIDENCE,decision_log.jsonl,6,d50246bf015da4825ed7385b53c89a1552737d81791e1626fc4319e665b47a8b
s11_runs,ip netns exec s11sa4s ip link set s11sa4y1 down,action,,,,,stream_started,,,351.103243,,0xa1b23c4d,,,,,seg1-sa4,,1000000000.0,2026-09-13T04:57:18Z,"{""event"": ""stream_started"", ""utc"": ""2026-09-13T04:57:18Z"", ""monotonic_s"": 351.103243, ""arm"": ""action"", ""stream_id"": ""seg1-sa4"", ""pcap_magic"": ""0xa1b23c4d"", ""ts_divisor"": 1000000000.0, ""action_command"": ""ip netns exec s11sa4s ip link set s11sa4y1 down""}",20260913_s11_act4,SEALED_PREFIX_EVALUATION_EVIDENCE,decision_log.jsonl,1,4e5041a8b54263e601404030142b749a7de130b0831b06864beb4b6165733e8a
s11_runs,,action,NONOVERLAPPING_BLOCK_PERSISTENCE_OBSERVED,,,,detection_trigger,,536,366.929617,1789275453.7457502,,prospective_causal_nonoverlap_block_count,,,,,,,2026-09-13T04:57:34Z,"{""event"": ""detection_trigger"", ""utc"": ""2026-09-13T04:57:34Z"", ""monotonic_s"": 366.929617, ""arm"": ""action"", ""classification"": ""NONOVERLAPPING_BLOCK_PERSISTENCE_OBSERVED"", ""reason"": ""prospective_causal_nonoverlap_block_count"", ""packet_ts"": 1789275453.7457502, ""frames_consumed"": 536}",20260913_s11_act4,SEALED_PREFIX_EVALUATION_EVIDENCE,decision_log.jsonl,2,4e5041a8b54263e601404030142b749a7de130b0831b06864beb4b6165733e8a
s11_runs,,action,,ip netns exec s11sa4s ip link set s11sa4y1 down,,,action_intent,,,366.931875,,,,,,,,,,2026-09-13T04:57:34Z,"{""event"": ""action_intent"", ""utc"": ""2026-09-13T04:57:34Z"", ""monotonic_s"": 366.931875, ""arm"": ""action"", ""command"": ""ip netns exec s11sa4s ip link set s11sa4y1 down""}",20260913_s11_act4,SEALED_PREFIX_EVALUATION_EVIDENCE,decision_log.jsonl,3,4e5041a8b54263e601404030142b749a7de130b0831b06864beb4b6165733e8a
s11_runs,,action,,,,0.009784,action_execution_result,,,366.943308,,,,0,,0,,,,2026-09-13T04:57:34Z,"{""event"": ""action_execution_result"", ""utc"": ""2026-09-13T04:57:34Z"", ""monotonic_s"": 366.943308, ""arm"": ""action"", ""returncode"": 0, ""elapsed_s"": 0.009784, ""stdout_bytes"": 0, ""stderr_text"": """"}",20260913_s11_act4,SEALED_PREFIX_EVALUATION_EVIDENCE,decision_log.jsonl,4,4e5041a8b54263e601404030142b749a7de130b0831b06864beb4b6165733e8a
s11_runs,,action,,,,,stream_ended,554,,395.656672,,,,,,,,,,2026-09-13T04:58:03Z,"{""event"": ""stream_ended"", ""utc"": ""2026-09-13T04:58:03Z"", ""monotonic_s"": 395.656672, ""arm"": ""action"", ""frames"": 554}",20260913_s11_act4,POST_SEAL_APPENDED_NOT_EVALUATION_EVIDENCE,decision_log.jsonl,5,4e5041a8b54263e601404030142b749a7de130b0831b06864beb4b6165733e8a
s11_runs,,action,,,,,detector_finished,554,,395.657534,,,,,,,,True,,2026-09-13T04:58:03Z,"{""event"": ""detector_finished"", ""utc"": ""2026-09-13T04:58:03Z"", ""monotonic_s"": 395.657534, ""arm"": ""action"", ""frames"": 554, ""triggered"": true}",20260913_s11_act4,POST_SEAL_APPENDED_NOT_EVALUATION_EVIDENCE,decision_log.jsonl,6,4e5041a8b54263e601404030142b749a7de130b0831b06864beb4b6165733e8a
s11_runs,ip netns exec s11sa5s ip link set s11sa5y1 down,action,,,,,stream_started,,,448.396786,,0xa1b23c4d,,,,,seg1-sa5,,1000000000.0,2026-09-13T04:58:55Z,"{""event"": ""stream_started"", ""utc"": ""2026-09-13T04:58:55Z"", ""monotonic_s"": 448.396786, ""arm"": ""action"", ""stream_id"": ""seg1-sa5"", ""pcap_magic"": ""0xa1b23c4d"", ""ts_divisor"": 1000000000.0, ""action_command"": ""ip netns exec s11sa5s ip link set s11sa5y1 down""}",20260913_s11_act5,SEALED_FULL_LOG_EVALUATION_EVIDENCE,decision_log.jsonl,1,1f4492f7dfa50b266870424657fab457ffeaec1383fc36667a8373abe81b6ce5
s11_runs,,action,NONOVERLAPPING_BLOCK_PERSISTENCE_OBSERVED,,,,detection_trigger,,658,466.989038,1789275553.7955384,,prospective_causal_nonoverlap_block_count,,,,,,,2026-09-13T04:59:14Z,"{""event"": ""detection_trigger"", ""utc"": ""2026-09-13T04:59:14Z"", ""monotonic_s"": 466.989038, ""arm"": ""action"", ""classification"": ""NONOVERLAPPING_BLOCK_PERSISTENCE_OBSERVED"", ""reason"": ""prospective_causal_nonoverlap_block_count"", ""packet_ts"": 1789275553.7955384, ""frames_consumed"": 658}",20260913_s11_act5,SEALED_FULL_LOG_EVALUATION_EVIDENCE,decision_log.jsonl,2,1f4492f7dfa50b266870424657fab457ffeaec1383fc36667a8373abe81b6ce5
s11_runs,,action,,ip netns exec s11sa5s ip link set s11sa5y1 down,,,action_intent,,,466.990947,,,,,,,,,,2026-09-13T04:59:14Z,"{""event"": ""action_intent"", ""utc"": ""2026-09-13T04:59:14Z"", ""monotonic_s"": 466.990947, ""arm"": ""action"", ""command"": ""ip netns exec s11sa5s ip link set s11sa5y1 down""}",20260913_s11_act5,SEALED_FULL_LOG_EVALUATION_EVIDENCE,decision_log.jsonl,3,1f4492f7dfa50b266870424657fab457ffeaec1383fc36667a8373abe81b6ce5
s11_runs,,action,,,,0.005579,action_execution_result,,,466.997783,,,,0,,0,,,,2026-09-13T04:59:14Z,"{""event"": ""action_execution_result"", ""utc"": ""2026-09-13T04:59:14Z"", ""monotonic_s"": 466.997783, ""arm"": ""action"", ""returncode"": 0, ""elapsed_s"": 0.005579, ""stdout_bytes"": 0, ""stderr_text"": """"}",20260913_s11_act5,SEALED_FULL_LOG_EVALUATION_EVIDENCE,decision_log.jsonl,4,1f4492f7dfa50b266870424657fab457ffeaec1383fc36667a8373abe81b6ce5
s11_runs,,action,,,,,stream_ended,680,,492.842392,,,,,,,,,,2026-09-13T04:59:40Z,"{""event"": ""stream_ended"", ""utc"": ""2026-09-13T04:59:40Z"", ""monotonic_s"": 492.842392, ""arm"": ""action"", ""frames"": 680}",20260913_s11_act5,SEALED_FULL_LOG_EVALUATION_EVIDENCE,decision_log.jsonl,5,1f4492f7dfa50b266870424657fab457ffeaec1383fc36667a8373abe81b6ce5
s11_runs,,action,,,,,detector_finished,680,,492.845161,,,,,,,,True,,2026-09-13T04:59:40Z,"{""event"": ""detector_finished"", ""utc"": ""2026-09-13T04:59:40Z"", ""monotonic_s"": 492.845161, ""arm"": ""action"", ""frames"": 680, ""triggered"": true}",20260913_s11_act5,SEALED_FULL_LOG_EVALUATION_EVIDENCE,decision_log.jsonl,6,1f4492f7dfa50b266870424657fab457ffeaec1383fc36667a8373abe81b6ce5
s11_runs,ip netns exec s11sn1s ip link set s11sn1y1 down,no_action,,,,,stream_started,,,107.999984,,0xa1b23c4d,,,,,seg1-sn1,,1000000000.0,2026-09-13T04:53:15Z,"{""event"": ""stream_started"", ""utc"": ""2026-09-13T04:53:15Z"", ""monotonic_s"": 107.999984, ""arm"": ""no_action"", ""stream_id"": ""seg1-sn1"", ""pcap_magic"": ""0xa1b23c4d"", ""ts_divisor"": 1000000000.0, ""action_command"": ""ip netns exec s11sn1s ip link set s11sn1y1 down""}",20260913_s11_noact1,SEALED_FULL_LOG_EVALUATION_EVIDENCE,decision_log.jsonl,1,b7a63bb9aae0104ca14167e95f48a6335adad1c639ca0e82ce8872c250f9af5b
s11_runs,,no_action,NONOVERLAPPING_BLOCK_PERSISTENCE_OBSERVED,,,,detection_trigger,,605,124.840575,1789275212.0459716,,prospective_causal_nonoverlap_block_count,,,,,,,2026-09-13T04:53:32Z,"{""event"": ""detection_trigger"", ""utc"": ""2026-09-13T04:53:32Z"", ""monotonic_s"": 124.840575, ""arm"": ""no_action"", ""classification"": ""NONOVERLAPPING_BLOCK_PERSISTENCE_OBSERVED"", ""reason"": ""prospective_causal_nonoverlap_block_count"", ""packet_ts"": 1789275212.0459716, ""frames_consumed"": 605}",20260913_s11_noact1,SEALED_FULL_LOG_EVALUATION_EVIDENCE,decision_log.jsonl,2,b7a63bb9aae0104ca14167e95f48a6335adad1c639ca0e82ce8872c250f9af5b
s11_runs,,no_action,,,"no_action arm: matched control, nothing executed",,action_withheld,,,124.841912,,,,,,,,,,2026-09-13T04:53:32Z,"{""event"": ""action_withheld"", ""utc"": ""2026-09-13T04:53:32Z"", ""monotonic_s"": 124.841912, ""arm"": ""no_action"", ""detail"": ""no_action arm: matched control, nothing executed""}",20260913_s11_noact1,SEALED_FULL_LOG_EVALUATION_EVIDENCE,decision_log.jsonl,3,b7a63bb9aae0104ca14167e95f48a6335adad1c639ca0e82ce8872c250f9af5b
s11_runs,,no_action,,,,,stream_ended,1574,,152.823264,,,,,,,,,,2026-09-13T04:54:00Z,"{""event"": ""stream_ended"", ""utc"": ""2026-09-13T04:54:00Z"", ""monotonic_s"": 152.823264, ""arm"": ""no_action"", ""frames"": 1574}",20260913_s11_noact1,SEALED_FULL_LOG_EVALUATION_EVIDENCE,decision_log.jsonl,4,b7a63bb9aae0104ca14167e95f48a6335adad1c639ca0e82ce8872c250f9af5b
s11_runs,,no_action,,,,,detector_finished,1574,,152.826128,,,,,,,,True,,2026-09-13T04:54:00Z,"{""event"": ""detector_finished"", ""utc"": ""2026-09-13T04:54:00Z"", ""monotonic_s"": 152.826128, ""arm"": ""no_action"", ""frames"": 1574, ""triggered"": true}",20260913_s11_noact1,SEALED_FULL_LOG_EVALUATION_EVIDENCE,decision_log.jsonl,5,b7a63bb9aae0104ca14167e95f48a6335adad1c639ca0e82ce8872c250f9af5b
s11_runs,ip netns exec s11sn2s ip link set s11sn2y1 down,no_action,,,,,stream_started,,,205.464302,,0xa1b23c4d,,,,,seg1-sn2,,1000000000.0,2026-09-13T04:54:52Z,"{""event"": ""stream_started"", ""utc"": ""2026-09-13T04:54:52Z"", ""monotonic_s"": 205.464302, ""arm"": ""no_action"", ""stream_id"": ""seg1-sn2"", ""pcap_magic"": ""0xa1b23c4d"", ""ts_divisor"": 1000000000.0, ""action_command"": ""ip netns exec s11sn2s ip link set s11sn2y1 down""}",20260913_s11_noact2,SEALED_FULL_LOG_EVALUATION_EVIDENCE,decision_log.jsonl,1,5a7bde605eb1cac530e9adc8bb433cfa30958aa48411ce0446bf7e895f4a48fd
s11_runs,,no_action,NONOVERLAPPING_BLOCK_PERSISTENCE_OBSERVED,,,,detection_trigger,,1127,237.066707,1789275324.3160796,,prospective_causal_nonoverlap_block_count,,,,,,,2026-09-13T04:55:24Z,"{""event"": ""detection_trigger"", ""utc"": ""2026-09-13T04:55:24Z"", ""monotonic_s"": 237.066707, ""arm"": ""no_action"", ""classification"": ""NONOVERLAPPING_BLOCK_PERSISTENCE_OBSERVED"", ""reason"": ""prospective_causal_nonoverlap_block_count"", ""packet_ts"": 1789275324.3160796, ""frames_consumed"": 1127}",20260913_s11_noact2,SEALED_FULL_LOG_EVALUATION_EVIDENCE,decision_log.jsonl,2,5a7bde605eb1cac530e9adc8bb433cfa30958aa48411ce0446bf7e895f4a48fd
s11_runs,,no_action,,,"no_action arm: matched control, nothing executed",,action_withheld,,,237.07074,,,,,,,,,,2026-09-13T04:55:24Z,"{""event"": ""action_withheld"", ""utc"": ""2026-09-13T04:55:24Z"", ""monotonic_s"": 237.07074, ""arm"": ""no_action"", ""detail"": ""no_action arm: matched control, nothing executed""}",20260913_s11_noact2,SEALED_FULL_LOG_EVALUATION_EVIDENCE,decision_log.jsonl,3,5a7bde605eb1cac530e9adc8bb433cfa30958aa48411ce0446bf7e895f4a48fd
s11_runs,,no_action,,,,,stream_ended,1557,,249.887345,,,,,,,,,,2026-09-13T04:55:37Z,"{""event"": ""stream_ended"", ""utc"": ""2026-09-13T04:55:37Z"", ""monotonic_s"": 249.887345, ""arm"": ""no_action"", ""frames"": 1557}",20260913_s11_noact2,SEALED_FULL_LOG_EVALUATION_EVIDENCE,decision_log.jsonl,4,5a7bde605eb1cac530e9adc8bb433cfa30958aa48411ce0446bf7e895f4a48fd
s11_runs,,no_action,,,,,detector_finished,1557,,249.889798,,,,,,,,True,,2026-09-13T04:55:37Z,"{""event"": ""detector_finished"", ""utc"": ""2026-09-13T04:55:37Z"", ""monotonic_s"": 249.889798, ""arm"": ""no_action"", ""frames"": 1557, ""triggered"": true}",20260913_s11_noact2,SEALED_FULL_LOG_EVALUATION_EVIDENCE,decision_log.jsonl,5,5a7bde605eb1cac530e9adc8bb433cfa30958aa48411ce0446bf7e895f4a48fd
s11_runs,ip netns exec s11sn3s ip link set s11sn3y1 down,no_action,,,,,stream_started,,,302.85601,,0xa1b23c4d,,,,,seg1-sn3,,1000000000.0,2026-09-13T04:56:30Z,"{""event"": ""stream_started"", ""utc"": ""2026-09-13T04:56:30Z"", ""monotonic_s"": 302.85601, ""arm"": ""no_action"", ""stream_id"": ""seg1-sn3"", ""pcap_magic"": ""0xa1b23c4d"", ""ts_divisor"": 1000000000.0, ""action_command"": ""ip netns exec s11sn3s ip link set s11sn3y1 down""}",20260913_s11_noact3,SEALED_PREFIX_EVALUATION_EVIDENCE,decision_log.jsonl,1,87695af2ba8a2bb937eba0b112e917d36c47bc4d33adb08d70f2841dec5b7c3a
s11_runs,,no_action,NONOVERLAPPING_BLOCK_PERSISTENCE_OBSERVED,,,,detection_trigger,,749,324.623838,1789275411.2138414,,prospective_causal_nonoverlap_block_count,,,,,,,2026-09-13T04:56:51Z,"{""event"": ""detection_trigger"", ""utc"": ""2026-09-13T04:56:51Z"", ""monotonic_s"": 324.623838, ""arm"": ""no_action"", ""classification"": ""NONOVERLAPPING_BLOCK_PERSISTENCE_OBSERVED"", ""reason"": ""prospective_causal_nonoverlap_block_count"", ""packet_ts"": 1789275411.2138414, ""frames_consumed"": 749}",20260913_s11_noact3,SEALED_PREFIX_EVALUATION_EVIDENCE,decision_log.jsonl,2,87695af2ba8a2bb937eba0b112e917d36c47bc4d33adb08d70f2841dec5b7c3a
s11_runs,,no_action,,,"no_action arm: matched control, nothing executed",,action_withheld,,,324.626351,,,,,,,,,,2026-09-13T04:56:51Z,"{""event"": ""action_withheld"", ""utc"": ""2026-09-13T04:56:51Z"", ""monotonic_s"": 324.626351, ""arm"": ""no_action"", ""detail"": ""no_action arm: matched control, nothing executed""}",20260913_s11_noact3,SEALED_PREFIX_EVALUATION_EVIDENCE,decision_log.jsonl,3,87695af2ba8a2bb937eba0b112e917d36c47bc4d33adb08d70f2841dec5b7c3a
s11_runs,,no_action,,,,,stream_ended,1587,,347.404593,,,,,,,,,,2026-09-13T04:57:14Z,"{""event"": ""stream_ended"", ""utc"": ""2026-09-13T04:57:14Z"", ""monotonic_s"": 347.404593, ""arm"": ""no_action"", ""frames"": 1587}",20260913_s11_noact3,POST_SEAL_APPENDED_NOT_EVALUATION_EVIDENCE,decision_log.jsonl,4,87695af2ba8a2bb937eba0b112e917d36c47bc4d33adb08d70f2841dec5b7c3a
s11_runs,,no_action,,,,,detector_finished,1587,,347.405728,,,,,,,,True,,2026-09-13T04:57:14Z,"{""event"": ""detector_finished"", ""utc"": ""2026-09-13T04:57:14Z"", ""monotonic_s"": 347.405728, ""arm"": ""no_action"", ""frames"": 1587, ""triggered"": true}",20260913_s11_noact3,POST_SEAL_APPENDED_NOT_EVALUATION_EVIDENCE,decision_log.jsonl,5,87695af2ba8a2bb937eba0b112e917d36c47bc4d33adb08d70f2841dec5b7c3a
s11_runs,ip netns exec s11sn4s ip link set s11sn4y1 down,no_action,,,,,stream_started,,,399.607717,,0xa1b23c4d,,,,,seg1-sn4,,1000000000.0,2026-09-13T04:58:06Z,"{""event"": ""stream_started"", ""utc"": ""2026-09-13T04:58:06Z"", ""monotonic_s"": 399.607717, ""arm"": ""no_action"", ""stream_id"": ""seg1-sn4"", ""pcap_magic"": ""0xa1b23c4d"", ""ts_divisor"": 1000000000.0, ""action_command"": ""ip netns exec s11sn4s ip link set s11sn4y1 down""}",20260913_s11_noact4,SEALED_PREFIX_EVALUATION_EVIDENCE,decision_log.jsonl,1,c33e4f7e48a19ff9ca40a1f80575bedcc03f0309fc2a02c8a9b7472171bb3822
s11_runs,,no_action,NONOVERLAPPING_BLOCK_PERSISTENCE_OBSERVED,,,,detection_trigger,,874,423.447502,1789275510.6499233,,prospective_causal_nonoverlap_block_count,,,,,,,2026-09-13T04:58:30Z,"{""event"": ""detection_trigger"", ""utc"": ""2026-09-13T04:58:30Z"", ""monotonic_s"": 423.447502, ""arm"": ""no_action"", ""classification"": ""NONOVERLAPPING_BLOCK_PERSISTENCE_OBSERVED"", ""reason"": ""prospective_causal_nonoverlap_block_count"", ""packet_ts"": 1789275510.6499233, ""frames_consumed"": 874}",20260913_s11_noact4,SEALED_PREFIX_EVALUATION_EVIDENCE,decision_log.jsonl,2,c33e4f7e48a19ff9ca40a1f80575bedcc03f0309fc2a02c8a9b7472171bb3822
s11_runs,,no_action,,,"no_action arm: matched control, nothing executed",,action_withheld,,,423.451606,,,,,,,,,,2026-09-13T04:58:30Z,"{""event"": ""action_withheld"", ""utc"": ""2026-09-13T04:58:30Z"", ""monotonic_s"": 423.451606, ""arm"": ""no_action"", ""detail"": ""no_action arm: matched control, nothing executed""}",20260913_s11_noact4,SEALED_PREFIX_EVALUATION_EVIDENCE,decision_log.jsonl,3,c33e4f7e48a19ff9ca40a1f80575bedcc03f0309fc2a02c8a9b7472171bb3822
s11_runs,,no_action,,,,,stream_ended,1580,,444.124232,,,,,,,,,,2026-09-13T04:58:51Z,"{""event"": ""stream_ended"", ""utc"": ""2026-09-13T04:58:51Z"", ""monotonic_s"": 444.124232, ""arm"": ""no_action"", ""frames"": 1580}",20260913_s11_noact4,POST_SEAL_APPENDED_NOT_EVALUATION_EVIDENCE,decision_log.jsonl,4,c33e4f7e48a19ff9ca40a1f80575bedcc03f0309fc2a02c8a9b7472171bb3822
s11_runs,,no_action,,,,,detector_finished,1580,,444.125443,,,,,,,,True,,2026-09-13T04:58:51Z,"{""event"": ""detector_finished"", ""utc"": ""2026-09-13T04:58:51Z"", ""monotonic_s"": 444.125443, ""arm"": ""no_action"", ""frames"": 1580, ""triggered"": true}",20260913_s11_noact4,POST_SEAL_APPENDED_NOT_EVALUATION_EVIDENCE,decision_log.jsonl,5,c33e4f7e48a19ff9ca40a1f80575bedcc03f0309fc2a02c8a9b7472171bb3822
s11_runs,ip netns exec s11sn5s ip link set s11sn5y1 down,no_action,,,,,stream_started,,,497.746336,,0xa1b23c4d,,,,,seg1-sn5,,1000000000.0,2026-09-13T04:59:45Z,"{""event"": ""stream_started"", ""utc"": ""2026-09-13T04:59:45Z"", ""monotonic_s"": 497.746336, ""arm"": ""no_action"", ""stream_id"": ""seg1-sn5"", ""pcap_magic"": ""0xa1b23c4d"", ""ts_divisor"": 1000000000.0, ""action_command"": ""ip netns exec s11sn5s ip link set s11sn5y1 down""}",20260913_s11_noact5,SEALED_FULL_LOG_EVALUATION_EVIDENCE,decision_log.jsonl,1,7374566da9f3d060b10e27c1e319f99500d4b7510515fca4299009d37e6e0b86
s11_runs,,no_action,NONOVERLAPPING_BLOCK_PERSISTENCE_OBSERVED,,,,detection_trigger,,618,515.139906,1789275601.9917743,,prospective_causal_nonoverlap_block_count,,,,,,,2026-09-13T05:00:02Z,"{""event"": ""detection_trigger"", ""utc"": ""2026-09-13T05:00:02Z"", ""monotonic_s"": 515.139906, ""arm"": ""no_action"", ""classification"": ""NONOVERLAPPING_BLOCK_PERSISTENCE_OBSERVED"", ""reason"": ""prospective_causal_nonoverlap_block_count"", ""packet_ts"": 1789275601.9917743, ""frames_consumed"": 618}",20260913_s11_noact5,SEALED_FULL_LOG_EVALUATION_EVIDENCE,decision_log.jsonl,2,7374566da9f3d060b10e27c1e319f99500d4b7510515fca4299009d37e6e0b86
s11_runs,,no_action,,,"no_action arm: matched control, nothing executed",,action_withheld,,,515.143699,,,,,,,,,,2026-09-13T05:00:02Z,"{""event"": ""action_withheld"", ""utc"": ""2026-09-13T05:00:02Z"", ""monotonic_s"": 515.143699, ""arm"": ""no_action"", ""detail"": ""no_action arm: matched control, nothing executed""}",20260913_s11_noact5,SEALED_FULL_LOG_EVALUATION_EVIDENCE,decision_log.jsonl,3,7374566da9f3d060b10e27c1e319f99500d4b7510515fca4299009d37e6e0b86
s11_runs,,no_action,,,,,stream_ended,1571,,541.93951,,,,,,,,,,2026-09-13T05:00:29Z,"{""event"": ""stream_ended"", ""utc"": ""2026-09-13T05:00:29Z"", ""monotonic_s"": 541.93951, ""arm"": ""no_action"", ""frames"": 1571}",20260913_s11_noact5,SEALED_FULL_LOG_EVALUATION_EVIDENCE,decision_log.jsonl,4,7374566da9f3d060b10e27c1e319f99500d4b7510515fca4299009d37e6e0b86
s11_runs,,no_action,,,,,detector_finished,1571,,541.942429,,,,,,,,True,,2026-09-13T05:00:29Z,"{""event"": ""detector_finished"", ""utc"": ""2026-09-13T05:00:29Z"", ""monotonic_s"": 541.942429, ""arm"": ""no_action"", ""frames"": 1571, ""triggered"": true}",20260913_s11_noact5,SEALED_FULL_LOG_EVALUATION_EVIDENCE,decision_log.jsonl,5,7374566da9f3d060b10e27c1e319f99500d4b7510515fca4299009d37e6e0b86
