row_id,batch,run_id,run_directory,data_class,L1_planned_condition,L1_configured_parameters,L2_injection_confirmed,L2_injection_evidence,L3_packet_records,L3_dispersion_persistence_observed,L3_detection_trigger_monotonic_s,L3_high_dispersion_blocks,L3_source_silence_events,L3_invalid_records,L4_observed_receiver_impact,L5_model_prediction,L6_proposed_recovery_action,L7_executed_recovery_action,L8_measured_recovery_outcome,validation_status,capture_sha256,manifest_entries_rehashed,evidence_reference
v4:20260913_v4_b1,v4,20260913_v4_b1,v4_runs/20260913_v4_b1,EMPIRICAL_SOFTWARE_TESTBED,baseline_control,none (no qdisc impairment),TRUE,v4_runs/20260913_v4_b1/events.log; qdisc_*.txt where applicable,638,False,NOT_OBSERVED,0,0,0,NOT_ESTABLISHED,NOT_APPLICABLE,NONE,NONE,NOT_ESTABLISHED,STRUCTURALLY_COMPLETE,dc5eece494ee41c5925c0c9eeb388505c6752b6081bc2ef58c06ae93e7486517,11,V4_BROADER_EVALUATION.json
v4:20260913_v4_b2,v4,20260913_v4_b2,v4_runs/20260913_v4_b2,EMPIRICAL_SOFTWARE_TESTBED,baseline_control,none (no qdisc impairment),TRUE,v4_runs/20260913_v4_b2/events.log; qdisc_*.txt where applicable,647,False,NOT_OBSERVED,0,0,0,NOT_ESTABLISHED,NOT_APPLICABLE,NONE,NONE,NOT_ESTABLISHED,STRUCTURALLY_COMPLETE,6ccbea274c5fbeccaf2b78420f56c107b642281b29f5c39aabd80975a0e12122,11,V4_BROADER_EVALUATION.json
v4:20260913_v4_b3,v4,20260913_v4_b3,v4_runs/20260913_v4_b3,EMPIRICAL_SOFTWARE_TESTBED,baseline_control,none (no qdisc impairment),TRUE,v4_runs/20260913_v4_b3/events.log; qdisc_*.txt where applicable,622,False,NOT_OBSERVED,0,0,0,NOT_ESTABLISHED,NOT_APPLICABLE,NONE,NONE,NOT_ESTABLISHED,STRUCTURALLY_COMPLETE,93059b3e0ff3a0d0d9591de5870b9034ccdbba6a6d854ea4f7dec420006f8f77,11,V4_BROADER_EVALUATION.json
v4:20260913_v4_b4,v4,20260913_v4_b4,v4_runs/20260913_v4_b4,EMPIRICAL_SOFTWARE_TESTBED,baseline_control,none (no qdisc impairment),TRUE,v4_runs/20260913_v4_b4/events.log; qdisc_*.txt where applicable,630,False,NOT_OBSERVED,0,0,1,NOT_ESTABLISHED,NOT_APPLICABLE,NONE,NONE,NOT_ESTABLISHED,STRUCTURALLY_COMPLETE,18be84aa4131c9bf041da63fd77382fbf17ad8adbdd5bacf126c12665f5169e3,11,V4_BROADER_EVALUATION.json
v4:20260913_v4_b5,v4,20260913_v4_b5,v4_runs/20260913_v4_b5,EMPIRICAL_SOFTWARE_TESTBED,baseline_control,none (no qdisc impairment),TRUE,v4_runs/20260913_v4_b5/events.log; qdisc_*.txt where applicable,618,False,NOT_OBSERVED,1,0,0,NOT_ESTABLISHED,NOT_APPLICABLE,NONE,NONE,NOT_ESTABLISHED,STRUCTURALLY_COMPLETE,72a154f2b74ac4e5ffb0043b9ad6de7b211d183d831084d3cd4b372a109f763d,11,V4_BROADER_EVALUATION.json
v4:20260913_v4_n1,v4,20260913_v4_n1,v4_runs/20260913_v4_n1,EMPIRICAL_SOFTWARE_TESTBED,netem_delay_jitter_loss,tc netem delay 1000us 200us distribution normal loss 1%,TRUE,v4_runs/20260913_v4_n1/events.log; qdisc_*.txt where applicable,635,True,8.254736423,4,0,0,NOT_ESTABLISHED,NOT_APPLICABLE,NONE,NONE,NOT_ESTABLISHED,STRUCTURALLY_COMPLETE,aace568d6d6294612c3582d1112d6daafe8d3e8f9c326e1c1b74b4ec818d8f18,12,V4_BROADER_EVALUATION.json
v4:20260913_v4_n2,v4,20260913_v4_n2,v4_runs/20260913_v4_n2,EMPIRICAL_SOFTWARE_TESTBED,netem_delay_jitter_loss,tc netem delay 1000us 200us distribution normal loss 1%,TRUE,v4_runs/20260913_v4_n2/events.log; qdisc_*.txt where applicable,641,True,7.357459307,4,0,0,NOT_ESTABLISHED,NOT_APPLICABLE,NONE,NONE,NOT_ESTABLISHED,STRUCTURALLY_COMPLETE,f6d4a4d21c7762d8ff999e98730dcbeb1a69f87514df89609ffc74967b7c1dec,12,V4_BROADER_EVALUATION.json
v4:20260913_v4_n3,v4,20260913_v4_n3,v4_runs/20260913_v4_n3,EMPIRICAL_SOFTWARE_TESTBED,netem_delay_jitter_loss,tc netem delay 1000us 200us distribution normal loss 1%,TRUE,v4_runs/20260913_v4_n3/events.log; qdisc_*.txt where applicable,591,True,8.884976387,3,0,0,NOT_ESTABLISHED,NOT_APPLICABLE,NONE,NONE,NOT_ESTABLISHED,STRUCTURALLY_COMPLETE,591931eac659be04e14f41d8436ec2536e9ea220938d1e60b4ac6a7624f6ecdc,12,V4_BROADER_EVALUATION.json
v4:20260913_v4_n4,v4,20260913_v4_n4,v4_runs/20260913_v4_n4,EMPIRICAL_SOFTWARE_TESTBED,netem_delay_jitter_loss,tc netem delay 1000us 200us distribution normal loss 1%,TRUE,v4_runs/20260913_v4_n4/events.log; qdisc_*.txt where applicable,604,True,5.452124834,2,0,0,NOT_ESTABLISHED,NOT_APPLICABLE,NONE,NONE,NOT_ESTABLISHED,STRUCTURALLY_COMPLETE,95618b8198cafb89875197e5cffc06d25cd2c08d5eece2e6f203845120006bd0,12,V4_BROADER_EVALUATION.json
v4:20260913_v4_n5,v4,20260913_v4_n5,v4_runs/20260913_v4_n5,EMPIRICAL_SOFTWARE_TESTBED,netem_delay_jitter_loss,tc netem delay 1000us 200us distribution normal loss 1%,TRUE,v4_runs/20260913_v4_n5/events.log; qdisc_*.txt where applicable,608,True,8.37157917,2,0,0,NOT_ESTABLISHED,NOT_APPLICABLE,NONE,NONE,NOT_ESTABLISHED,STRUCTURALLY_COMPLETE,277c821d126b8f6a92316286ee77f0d9fd793c9f1ac5d962eecfab4611d057ac,12,V4_BROADER_EVALUATION.json
v4:20260913_v4_d1,v4,20260913_v4_d1,v4_runs/20260913_v4_d1,EMPIRICAL_SOFTWARE_TESTBED,benign_delay_jitter_no_loss,tc netem delay 100us 20us distribution normal,TRUE,v4_runs/20260913_v4_d1/events.log; qdisc_*.txt where applicable,629,False,NOT_OBSERVED,0,0,0,NOT_ESTABLISHED,NOT_APPLICABLE,NONE,NONE,NOT_ESTABLISHED,STRUCTURALLY_COMPLETE,ce1d2122aeb1b82399880639be0c270a6ec279effe62b611f4d9f3bb99614dbc,12,V4_BROADER_EVALUATION.json
v4:20260913_v4_d2,v4,20260913_v4_d2,v4_runs/20260913_v4_d2,EMPIRICAL_SOFTWARE_TESTBED,benign_delay_jitter_no_loss,tc netem delay 100us 20us distribution normal,TRUE,v4_runs/20260913_v4_d2/events.log; qdisc_*.txt where applicable,609,False,NOT_OBSERVED,0,0,0,NOT_ESTABLISHED,NOT_APPLICABLE,NONE,NONE,NOT_ESTABLISHED,STRUCTURALLY_COMPLETE,dc0fc5ba9c2bd6e4274b9e8efeedd51116d483b9963ba27800cd1d5e42e81195,12,V4_BROADER_EVALUATION.json
v4:20260913_v4_d3,v4,20260913_v4_d3,v4_runs/20260913_v4_d3,EMPIRICAL_SOFTWARE_TESTBED,benign_delay_jitter_no_loss,tc netem delay 100us 20us distribution normal,TRUE,v4_runs/20260913_v4_d3/events.log; qdisc_*.txt where applicable,615,False,NOT_OBSERVED,0,0,0,NOT_ESTABLISHED,NOT_APPLICABLE,NONE,NONE,NOT_ESTABLISHED,STRUCTURALLY_COMPLETE,ed615ca28fcbf9a8de0d8414c56e1b3c10d9c889ac633a13708cc7dd8d0d98a8,12,V4_BROADER_EVALUATION.json
v4:20260913_v4_d4,v4,20260913_v4_d4,v4_runs/20260913_v4_d4,EMPIRICAL_SOFTWARE_TESTBED,benign_delay_jitter_no_loss,tc netem delay 100us 20us distribution normal,TRUE,v4_runs/20260913_v4_d4/events.log; qdisc_*.txt where applicable,624,False,NOT_OBSERVED,1,0,0,NOT_ESTABLISHED,NOT_APPLICABLE,NONE,NONE,NOT_ESTABLISHED,STRUCTURALLY_COMPLETE,7bc89b4eb5f795aa7e639658d8b0f7edb2423522e526dae1fff2034edb985fd7,12,V4_BROADER_EVALUATION.json
v4:20260913_v4_d5,v4,20260913_v4_d5,v4_runs/20260913_v4_d5,EMPIRICAL_SOFTWARE_TESTBED,benign_delay_jitter_no_loss,tc netem delay 100us 20us distribution normal,TRUE,v4_runs/20260913_v4_d5/events.log; qdisc_*.txt where applicable,636,False,NOT_OBSERVED,0,0,0,NOT_ESTABLISHED,NOT_APPLICABLE,NONE,NONE,NOT_ESTABLISHED,STRUCTURALLY_COMPLETE,0435891e2685d0bc8e156574a5bc4c707c081fde25f965ba284b8fc51e3311bc,12,V4_BROADER_EVALUATION.json
v4:20260913_v4_c1,v4,20260913_v4_c1,v4_runs/20260913_v4_c1,EMPIRICAL_SOFTWARE_TESTBED,benign_authorized_source_change_no_action,none (two authorised masters remain running),TRUE,v4_runs/20260913_v4_c1/events.log; qdisc_*.txt where applicable,603,False,NOT_OBSERVED,0,0,0,NOT_ESTABLISHED,NOT_APPLICABLE,NONE,NONE,NOT_ESTABLISHED,STRUCTURALLY_COMPLETE,2a77808501d9c735e74ea62c10652f80e55bff824ebec2de2b0300179cf5bb0e,11,V4_BROADER_EVALUATION.json
v4:20260913_v4_c2,v4,20260913_v4_c2,v4_runs/20260913_v4_c2,EMPIRICAL_SOFTWARE_TESTBED,benign_authorized_source_change_no_action,none (two authorised masters remain running),TRUE,v4_runs/20260913_v4_c2/events.log; qdisc_*.txt where applicable,645,False,NOT_OBSERVED,1,0,1,NOT_ESTABLISHED,NOT_APPLICABLE,NONE,NONE,NOT_ESTABLISHED,STRUCTURALLY_COMPLETE,a92a4138f76343ac18386325a266eea42c3a5da8b97bc7ac0438fde1ed3b9e54,11,V4_BROADER_EVALUATION.json
v4:20260913_v4_c3,v4,20260913_v4_c3,v4_runs/20260913_v4_c3,EMPIRICAL_SOFTWARE_TESTBED,benign_authorized_source_change_no_action,none (two authorised masters remain running),TRUE,v4_runs/20260913_v4_c3/events.log; qdisc_*.txt where applicable,625,False,NOT_OBSERVED,0,0,0,NOT_ESTABLISHED,NOT_APPLICABLE,NONE,NONE,NOT_ESTABLISHED,STRUCTURALLY_COMPLETE,287563554a102a675495a147ff1099ec4536fa62ba5ef8b264b86c7b525b8756,11,V4_BROADER_EVALUATION.json
v4:20260913_v4_c4,v4,20260913_v4_c4,v4_runs/20260913_v4_c4,EMPIRICAL_SOFTWARE_TESTBED,benign_authorized_source_change_no_action,none (two authorised masters remain running),TRUE,v4_runs/20260913_v4_c4/events.log; qdisc_*.txt where applicable,612,False,NOT_OBSERVED,0,0,1,NOT_ESTABLISHED,NOT_APPLICABLE,NONE,NONE,NOT_ESTABLISHED,STRUCTURALLY_COMPLETE,9b824901a4d0a6251b31f343b0c2158101a562963a66aadde5f1d0fbc5def11d,11,V4_BROADER_EVALUATION.json
v4:20260913_v4_c5,v4,20260913_v4_c5,v4_runs/20260913_v4_c5,EMPIRICAL_SOFTWARE_TESTBED,benign_authorized_source_change_no_action,none (two authorised masters remain running),TRUE,v4_runs/20260913_v4_c5/events.log; qdisc_*.txt where applicable,628,False,NOT_OBSERVED,0,0,0,NOT_ESTABLISHED,NOT_APPLICABLE,NONE,NONE,NOT_ESTABLISHED,STRUCTURALLY_COMPLETE,d462eb6639aea32cbb0af9659146511843ad3c9d53753c6b0228bd0a53b8d717,11,V4_BROADER_EVALUATION.json
v4:20260913_v4_s1,v4,20260913_v4_s1,v4_runs/20260913_v4_s1,EMPIRICAL_SOFTWARE_TESTBED,authorized_source_termination_observation,none (preferred master process terminated mid-run),TRUE,v4_runs/20260913_v4_s1/events.log; qdisc_*.txt where applicable,886,False,NOT_OBSERVED,0,1,0,NOT_ESTABLISHED,NOT_APPLICABLE,NONE,NONE,NOT_ESTABLISHED,STRUCTURALLY_COMPLETE,2a728b76bb4cc614d8721154ff08f9ebdc15078a595055306f9ab70072219b19,10,V4_BROADER_EVALUATION.json
v4:20260913_v4_s2,v4,20260913_v4_s2,v4_runs/20260913_v4_s2,EMPIRICAL_SOFTWARE_TESTBED,authorized_source_termination_observation,none (preferred master process terminated mid-run),TRUE,v4_runs/20260913_v4_s2/events.log; qdisc_*.txt where applicable,935,False,NOT_OBSERVED,0,1,0,NOT_ESTABLISHED,NOT_APPLICABLE,NONE,NONE,NOT_ESTABLISHED,STRUCTURALLY_COMPLETE,1dfb524e21a37fa3a7f7893add136cb60bd272a64ef109c26db3ce6894d7415c,10,V4_BROADER_EVALUATION.json
v4:20260913_v4_s3,v4,20260913_v4_s3,v4_runs/20260913_v4_s3,EMPIRICAL_SOFTWARE_TESTBED,authorized_source_termination_observation,none (preferred master process terminated mid-run),TRUE,v4_runs/20260913_v4_s3/events.log; qdisc_*.txt where applicable,905,False,NOT_OBSERVED,0,1,0,NOT_ESTABLISHED,NOT_APPLICABLE,NONE,NONE,NOT_ESTABLISHED,STRUCTURALLY_COMPLETE,94d5372e23da54f716c5bca3d7b294fb53fc3e881a1dfeac6d202ee21518ea41,10,V4_BROADER_EVALUATION.json
v4:20260913_v4_s4,v4,20260913_v4_s4,v4_runs/20260913_v4_s4,EMPIRICAL_SOFTWARE_TESTBED,authorized_source_termination_observation,none (preferred master process terminated mid-run),TRUE,v4_runs/20260913_v4_s4/events.log; qdisc_*.txt where applicable,889,False,NOT_OBSERVED,0,1,1,NOT_ESTABLISHED,NOT_APPLICABLE,NONE,NONE,NOT_ESTABLISHED,STRUCTURALLY_COMPLETE,4be7491cc1db389f376fab35519499e217e1413f79c51ee56ff69fd6904f2719,10,V4_BROADER_EVALUATION.json
v4:20260913_v4_s5,v4,20260913_v4_s5,v4_runs/20260913_v4_s5,EMPIRICAL_SOFTWARE_TESTBED,authorized_source_termination_observation,none (preferred master process terminated mid-run),TRUE,v4_runs/20260913_v4_s5/events.log; qdisc_*.txt where applicable,901,False,NOT_OBSERVED,0,1,1,NOT_ESTABLISHED,NOT_APPLICABLE,NONE,NONE,NOT_ESTABLISHED,STRUCTURALLY_COMPLETE,af78db3b75709c4f0d0891ca462d93b4cfc01b6ffc108744b9cf0305760ee605,10,V4_BROADER_EVALUATION.json
v3:20260913_v3_b1,v3,20260913_v3_b1,v3_runs/20260913_v3_b1,EMPIRICAL_SOFTWARE_TESTBED,baseline_control,none (no qdisc impairment),TRUE,v3_runs/20260913_v3_b1/events.log; qdisc_*.txt where applicable,615,False,NOT_OBSERVED,0,0,1,NOT_ESTABLISHED,NOT_APPLICABLE,NONE,NONE,NOT_ESTABLISHED,STRUCTURALLY_COMPLETE,ed42048f05cf1b37cabcb4b93385eb6162c0d8c8b93a90b58820b84d2601ea88,11,V3_NONOVERLAPPING_EVALUATION.json
v3:20260913_v3_b2,v3,20260913_v3_b2,v3_runs/20260913_v3_b2,EMPIRICAL_SOFTWARE_TESTBED,baseline_control,none (no qdisc impairment),TRUE,v3_runs/20260913_v3_b2/events.log; qdisc_*.txt where applicable,644,False,NOT_OBSERVED,0,0,2,NOT_ESTABLISHED,NOT_APPLICABLE,NONE,NONE,NOT_ESTABLISHED,STRUCTURALLY_COMPLETE,8f5f11d84f5a3c2cb48880f4efbffce125ed50c68f38b0cfbe2d382ff5c10395,11,V3_NONOVERLAPPING_EVALUATION.json
v3:20260913_v3_b3,v3,20260913_v3_b3,v3_runs/20260913_v3_b3,EMPIRICAL_SOFTWARE_TESTBED,baseline_control,none (no qdisc impairment),TRUE,v3_runs/20260913_v3_b3/events.log; qdisc_*.txt where applicable,641,False,NOT_OBSERVED,0,0,0,NOT_ESTABLISHED,NOT_APPLICABLE,NONE,NONE,NOT_ESTABLISHED,STRUCTURALLY_COMPLETE,2edb191b4449d0762b29964fb1b5ff72e5f77746799e32533cd7a3e07a6bc7db,11,V3_NONOVERLAPPING_EVALUATION.json
v3:20260913_v3_b4,v3,20260913_v3_b4,v3_runs/20260913_v3_b4,EMPIRICAL_SOFTWARE_TESTBED,baseline_control,none (no qdisc impairment),TRUE,v3_runs/20260913_v3_b4/events.log; qdisc_*.txt where applicable,600,False,NOT_OBSERVED,0,0,1,NOT_ESTABLISHED,NOT_APPLICABLE,NONE,NONE,NOT_ESTABLISHED,STRUCTURALLY_COMPLETE,a5df1f25d36671fad64c213cc53b2effb364943cada3c37b78ac883b8aa95057,11,V3_NONOVERLAPPING_EVALUATION.json
v3:20260913_v3_b5,v3,20260913_v3_b5,v3_runs/20260913_v3_b5,EMPIRICAL_SOFTWARE_TESTBED,baseline_control,none (no qdisc impairment),TRUE,v3_runs/20260913_v3_b5/events.log; qdisc_*.txt where applicable,641,False,NOT_OBSERVED,0,0,2,NOT_ESTABLISHED,NOT_APPLICABLE,NONE,NONE,NOT_ESTABLISHED,STRUCTURALLY_COMPLETE,b1c0d3b57f075965ed072ea546e111045bc8a2e69b85ef1230cafa285a0eb169,11,V3_NONOVERLAPPING_EVALUATION.json
v3:20260913_v3_n1,v3,20260913_v3_n1,v3_runs/20260913_v3_n1,EMPIRICAL_SOFTWARE_TESTBED,netem_delay_jitter_loss,tc netem delay 1000us 200us distribution normal loss 1%,TRUE,v3_runs/20260913_v3_n1/events.log; qdisc_*.txt where applicable,625,True,6.869492531,2,0,0,NOT_ESTABLISHED,NOT_APPLICABLE,NONE,NONE,NOT_ESTABLISHED,STRUCTURALLY_COMPLETE,54b90fc66d6826cddfaf2eaa6dabc2dab44839590ab355109186931cb943e82f,12,V3_NONOVERLAPPING_EVALUATION.json
v3:20260913_v3_n2,v3,20260913_v3_n2,v3_runs/20260913_v3_n2,EMPIRICAL_SOFTWARE_TESTBED,netem_delay_jitter_loss,tc netem delay 1000us 200us distribution normal loss 1%,TRUE,v3_runs/20260913_v3_n2/events.log; qdisc_*.txt where applicable,608,True,5.256212234,2,0,0,NOT_ESTABLISHED,NOT_APPLICABLE,NONE,NONE,NOT_ESTABLISHED,STRUCTURALLY_COMPLETE,158980f2d38fc2a4051ebed24ae45298c8302192c7064cf5325e9959eb52ac99,12,V3_NONOVERLAPPING_EVALUATION.json
v3:20260913_v3_n3,v3,20260913_v3_n3,v3_runs/20260913_v3_n3,EMPIRICAL_SOFTWARE_TESTBED,netem_delay_jitter_loss,tc netem delay 1000us 200us distribution normal loss 1%,TRUE,v3_runs/20260913_v3_n3/events.log; qdisc_*.txt where applicable,644,True,5.52025938,2,0,0,NOT_ESTABLISHED,NOT_APPLICABLE,NONE,NONE,NOT_ESTABLISHED,STRUCTURALLY_COMPLETE,1187742cd74a36b530c879cf508ff1317101c1621f8075ab074929c717da3e2e,12,V3_NONOVERLAPPING_EVALUATION.json
v3:20260913_v3_n4,v3,20260913_v3_n4,v3_runs/20260913_v3_n4,EMPIRICAL_SOFTWARE_TESTBED,netem_delay_jitter_loss,tc netem delay 1000us 200us distribution normal loss 1%,TRUE,v3_runs/20260913_v3_n4/events.log; qdisc_*.txt where applicable,616,True,7.881785154,2,0,0,NOT_ESTABLISHED,NOT_APPLICABLE,NONE,NONE,NOT_ESTABLISHED,STRUCTURALLY_COMPLETE,752b72c858c5caee298a1f514a292c98ed9378f30b31e612de1db85a1e69be67,12,V3_NONOVERLAPPING_EVALUATION.json
v3:20260913_v3_n5,v3,20260913_v3_n5,v3_runs/20260913_v3_n5,EMPIRICAL_SOFTWARE_TESTBED,netem_delay_jitter_loss,tc netem delay 1000us 200us distribution normal loss 1%,TRUE,v3_runs/20260913_v3_n5/events.log; qdisc_*.txt where applicable,641,True,5.481395483,2,0,0,NOT_ESTABLISHED,NOT_APPLICABLE,NONE,NONE,NOT_ESTABLISHED,STRUCTURALLY_COMPLETE,c6e0d662a5cffa005c909a00cc24f7eb955572f0ec70e22a7950f26038dd4ddf,12,V3_NONOVERLAPPING_EVALUATION.json
v3:20260913_v3_c1,v3,20260913_v3_c1,v3_runs/20260913_v3_c1,EMPIRICAL_SOFTWARE_TESTBED,authorized_source_change_no_action_control,none (two authorised masters remain running),TRUE,v3_runs/20260913_v3_c1/events.log; qdisc_*.txt where applicable,624,False,NOT_OBSERVED,0,0,0,NOT_ESTABLISHED,NOT_APPLICABLE,NONE,NONE,NOT_ESTABLISHED,STRUCTURALLY_COMPLETE,e76fd8d0f1e4c3e6110ab2d31641903e84c5c72bb9a6f7a21b7a6bacec45aee8,11,V3_NONOVERLAPPING_EVALUATION.json
v3:20260913_v3_c2,v3,20260913_v3_c2,v3_runs/20260913_v3_c2,EMPIRICAL_SOFTWARE_TESTBED,authorized_source_change_no_action_control,none (two authorised masters remain running),TRUE,v3_runs/20260913_v3_c2/events.log; qdisc_*.txt where applicable,644,False,NOT_OBSERVED,1,0,0,NOT_ESTABLISHED,NOT_APPLICABLE,NONE,NONE,NOT_ESTABLISHED,STRUCTURALLY_COMPLETE,21c56906577f457b654d203bc1a602383359ca5bd35b95fb8a8c9f507bf4fd00,11,V3_NONOVERLAPPING_EVALUATION.json
v3:20260913_v3_c3,v3,20260913_v3_c3,v3_runs/20260913_v3_c3,EMPIRICAL_SOFTWARE_TESTBED,authorized_source_change_no_action_control,none (two authorised masters remain running),TRUE,v3_runs/20260913_v3_c3/events.log; qdisc_*.txt where applicable,594,False,NOT_OBSERVED,0,0,1,NOT_ESTABLISHED,NOT_APPLICABLE,NONE,NONE,NOT_ESTABLISHED,STRUCTURALLY_COMPLETE,1ce374e38308f4050f60c6d785185940f57d69caebf05fbd3a72a9f61bbafbda,11,V3_NONOVERLAPPING_EVALUATION.json
v3:20260913_v3_c4,v3,20260913_v3_c4,v3_runs/20260913_v3_c4,EMPIRICAL_SOFTWARE_TESTBED,authorized_source_change_no_action_control,none (two authorised masters remain running),TRUE,v3_runs/20260913_v3_c4/events.log; qdisc_*.txt where applicable,635,False,NOT_OBSERVED,0,0,2,NOT_ESTABLISHED,NOT_APPLICABLE,NONE,NONE,NOT_ESTABLISHED,STRUCTURALLY_COMPLETE,71c27f3b2ea00b554998fae0d72c3f9c10190a0d80f7ba7aaa46f3e79ae8aa2b,11,V3_NONOVERLAPPING_EVALUATION.json
v3:20260913_v3_c5,v3,20260913_v3_c5,v3_runs/20260913_v3_c5,EMPIRICAL_SOFTWARE_TESTBED,authorized_source_change_no_action_control,none (two authorised masters remain running),TRUE,v3_runs/20260913_v3_c5/events.log; qdisc_*.txt where applicable,639,False,NOT_OBSERVED,0,0,0,NOT_ESTABLISHED,NOT_APPLICABLE,NONE,NONE,NOT_ESTABLISHED,STRUCTURALLY_COMPLETE,36ec6a6466670f7aa9cce750ac6aa2105a692999334385befed18d7c8838b7ee,11,V3_NONOVERLAPPING_EVALUATION.json
v3:20260913_v3_s1,v3,20260913_v3_s1,v3_runs/20260913_v3_s1,EMPIRICAL_SOFTWARE_TESTBED,authorized_source_termination_observation,UNKNOWN,TRUE,v3_runs/20260913_v3_s1/events.log; qdisc_*.txt where applicable,910,False,NOT_OBSERVED,0,1,1,NOT_ESTABLISHED,NOT_APPLICABLE,NONE,NONE,NOT_ESTABLISHED,STRUCTURALLY_COMPLETE,c6205db475cd172662c44b382d675ad6207f5a1f725fb202979258fd6824b243,10,V3_NONOVERLAPPING_EVALUATION.json
v3:20260913_v3_s2,v3,20260913_v3_s2,v3_runs/20260913_v3_s2,EMPIRICAL_SOFTWARE_TESTBED,authorized_source_termination_observation,UNKNOWN,TRUE,v3_runs/20260913_v3_s2/events.log; qdisc_*.txt where applicable,873,False,NOT_OBSERVED,0,1,0,NOT_ESTABLISHED,NOT_APPLICABLE,NONE,NONE,NOT_ESTABLISHED,STRUCTURALLY_COMPLETE,1674de560fa791c188b4b4a6e144fb598a3592d6b6247e4a0a04c0a4fd95e4a6,10,V3_NONOVERLAPPING_EVALUATION.json
v3:20260913_v3_s3,v3,20260913_v3_s3,v3_runs/20260913_v3_s3,EMPIRICAL_SOFTWARE_TESTBED,authorized_source_termination_observation,UNKNOWN,TRUE,v3_runs/20260913_v3_s3/events.log; qdisc_*.txt where applicable,890,False,NOT_OBSERVED,1,1,0,NOT_ESTABLISHED,NOT_APPLICABLE,NONE,NONE,NOT_ESTABLISHED,STRUCTURALLY_COMPLETE,521ad89cce7e3937bc44059d6e05714f44836cf1784c3bf98ab333a60fe4ec88,10,V3_NONOVERLAPPING_EVALUATION.json
v3:20260913_v3_s4,v3,20260913_v3_s4,v3_runs/20260913_v3_s4,EMPIRICAL_SOFTWARE_TESTBED,authorized_source_termination_observation,UNKNOWN,TRUE,v3_runs/20260913_v3_s4/events.log; qdisc_*.txt where applicable,916,False,NOT_OBSERVED,0,1,0,NOT_ESTABLISHED,NOT_APPLICABLE,NONE,NONE,NOT_ESTABLISHED,STRUCTURALLY_COMPLETE,8f4d172fc5f66434c6ecb21f3019538b079f99d74dc26fda343f929d4f771088,10,V3_NONOVERLAPPING_EVALUATION.json
v3:20260913_v3_s5,v3,20260913_v3_s5,v3_runs/20260913_v3_s5,EMPIRICAL_SOFTWARE_TESTBED,authorized_source_termination_observation,UNKNOWN,TRUE,v3_runs/20260913_v3_s5/events.log; qdisc_*.txt where applicable,925,False,NOT_OBSERVED,0,1,0,NOT_ESTABLISHED,NOT_APPLICABLE,NONE,NONE,NOT_ESTABLISHED,STRUCTURALLY_COMPLETE,a31c3d6a299dd8b7b482958813d5efec9033761d96c5d396467f5927a5333c7d,10,V3_NONOVERLAPPING_EVALUATION.json
v5:20260913_v5_a1,v5,20260913_v5_a1,v5_runs/20260913_v5_a1,EMPIRICAL_SOFTWARE_TESTBED,A_reference_benign,tc netem delay 100us 20us distribution normal,TRUE,v5_runs/20260913_v5_a1/events.log; qdisc_*.txt where applicable,605,False,NOT_OBSERVED,0,0,0,NOT_ESTABLISHED,NOT_APPLICABLE,NONE,NONE,NOT_ESTABLISHED,STRUCTURALLY_COMPLETE,d89fc7a0f2f53760aa1174419325738d62a566e305a488f223a62368f80da168,12,V5_SINGLE_VARIABLE_EVALUATION.json
v5:20260913_v5_a2,v5,20260913_v5_a2,v5_runs/20260913_v5_a2,EMPIRICAL_SOFTWARE_TESTBED,A_reference_benign,tc netem delay 100us 20us distribution normal,TRUE,v5_runs/20260913_v5_a2/events.log; qdisc_*.txt where applicable,639,False,NOT_OBSERVED,0,0,0,NOT_ESTABLISHED,NOT_APPLICABLE,NONE,NONE,NOT_ESTABLISHED,STRUCTURALLY_COMPLETE,0851ef07165d75e234c0a759244b729305e4f48065e3af36d659e663d8922389,12,V5_SINGLE_VARIABLE_EVALUATION.json
v5:20260913_v5_a3,v5,20260913_v5_a3,v5_runs/20260913_v5_a3,EMPIRICAL_SOFTWARE_TESTBED,A_reference_benign,tc netem delay 100us 20us distribution normal,TRUE,v5_runs/20260913_v5_a3/events.log; qdisc_*.txt where applicable,614,False,NOT_OBSERVED,0,0,0,NOT_ESTABLISHED,NOT_APPLICABLE,NONE,NONE,NOT_ESTABLISHED,STRUCTURALLY_COMPLETE,874999fa79b906bc0478ac64a2781914f72da2156f9647d784c694b691459911,12,V5_SINGLE_VARIABLE_EVALUATION.json
v5:20260913_v5_a4,v5,20260913_v5_a4,v5_runs/20260913_v5_a4,EMPIRICAL_SOFTWARE_TESTBED,A_reference_benign,tc netem delay 100us 20us distribution normal,TRUE,v5_runs/20260913_v5_a4/events.log; qdisc_*.txt where applicable,620,False,NOT_OBSERVED,0,0,0,NOT_ESTABLISHED,NOT_APPLICABLE,NONE,NONE,NOT_ESTABLISHED,STRUCTURALLY_COMPLETE,b17176204087ec01ee7a269c545406ea68131c8790b61e2b5cfb6d9e6f784d9b,12,V5_SINGLE_VARIABLE_EVALUATION.json
v5:20260913_v5_a5,v5,20260913_v5_a5,v5_runs/20260913_v5_a5,EMPIRICAL_SOFTWARE_TESTBED,A_reference_benign,tc netem delay 100us 20us distribution normal,TRUE,v5_runs/20260913_v5_a5/events.log; qdisc_*.txt where applicable,632,False,NOT_OBSERVED,0,0,0,NOT_ESTABLISHED,NOT_APPLICABLE,NONE,NONE,NOT_ESTABLISHED,STRUCTURALLY_COMPLETE,24351e3ecd0735e57e7bc509883a2bc63eeb80ceed2213a760a921c08da41672,12,V5_SINGLE_VARIABLE_EVALUATION.json
v5:20260913_v5_b1,v5,20260913_v5_b1,v5_runs/20260913_v5_b1,EMPIRICAL_SOFTWARE_TESTBED,B_loss_only,UNKNOWN,TRUE,v5_runs/20260913_v5_b1/events.log; qdisc_*.txt where applicable,634,False,NOT_OBSERVED,0,0,0,NOT_ESTABLISHED,NOT_APPLICABLE,NONE,NONE,NOT_ESTABLISHED,STRUCTURALLY_COMPLETE,d36d9b9069654245990595139e12c966e2e8dee3d64f8e3d1100750108cbd9c2,12,V5_SINGLE_VARIABLE_EVALUATION.json
v5:20260913_v5_b2,v5,20260913_v5_b2,v5_runs/20260913_v5_b2,EMPIRICAL_SOFTWARE_TESTBED,B_loss_only,UNKNOWN,TRUE,v5_runs/20260913_v5_b2/events.log; qdisc_*.txt where applicable,618,False,NOT_OBSERVED,0,0,1,NOT_ESTABLISHED,NOT_APPLICABLE,NONE,NONE,NOT_ESTABLISHED,STRUCTURALLY_COMPLETE,41e585052506d1dc2b22f7a5d4cef58c377cdf96e26896c0a0d765d274aa403d,12,V5_SINGLE_VARIABLE_EVALUATION.json
v5:20260913_v5_b3,v5,20260913_v5_b3,v5_runs/20260913_v5_b3,EMPIRICAL_SOFTWARE_TESTBED,B_loss_only,UNKNOWN,TRUE,v5_runs/20260913_v5_b3/events.log; qdisc_*.txt where applicable,626,False,NOT_OBSERVED,0,0,0,NOT_ESTABLISHED,NOT_APPLICABLE,NONE,NONE,NOT_ESTABLISHED,STRUCTURALLY_COMPLETE,ade8eb2ed1cc28c28225269b67940367372315762ebb6d42dd3f841d26a26852,12,V5_SINGLE_VARIABLE_EVALUATION.json
v5:20260913_v5_b4,v5,20260913_v5_b4,v5_runs/20260913_v5_b4,EMPIRICAL_SOFTWARE_TESTBED,B_loss_only,UNKNOWN,TRUE,v5_runs/20260913_v5_b4/events.log; qdisc_*.txt where applicable,624,False,NOT_OBSERVED,0,0,0,NOT_ESTABLISHED,NOT_APPLICABLE,NONE,NONE,NOT_ESTABLISHED,STRUCTURALLY_COMPLETE,a5f78b88b41201510e80f4630c94de162f3b84e56251ee57fe65b203b5b4b970,12,V5_SINGLE_VARIABLE_EVALUATION.json
v5:20260913_v5_b5,v5,20260913_v5_b5,v5_runs/20260913_v5_b5,EMPIRICAL_SOFTWARE_TESTBED,B_loss_only,UNKNOWN,TRUE,v5_runs/20260913_v5_b5/events.log; qdisc_*.txt where applicable,624,False,NOT_OBSERVED,0,0,0,NOT_ESTABLISHED,NOT_APPLICABLE,NONE,NONE,NOT_ESTABLISHED,STRUCTURALLY_COMPLETE,b8cd3bbb2e1233df726a838c917427bc2990e6d2eed85f6368e776a71a939fdf,12,V5_SINGLE_VARIABLE_EVALUATION.json
v5:20260913_v5_c1,v5,20260913_v5_c1,v5_runs/20260913_v5_c1,EMPIRICAL_SOFTWARE_TESTBED,C_jitter_only,UNKNOWN,TRUE,v5_runs/20260913_v5_c1/events.log; qdisc_*.txt where applicable,608,True,8.25657773,2,0,0,NOT_ESTABLISHED,NOT_APPLICABLE,NONE,NONE,NOT_ESTABLISHED,STRUCTURALLY_COMPLETE,21d3906662135d887e368c05779c3ce64c328cb6df4543af6e7829b3521f06a2,12,V5_SINGLE_VARIABLE_EVALUATION.json
v5:20260913_v5_c2,v5,20260913_v5_c2,v5_runs/20260913_v5_c2,EMPIRICAL_SOFTWARE_TESTBED,C_jitter_only,UNKNOWN,TRUE,v5_runs/20260913_v5_c2/events.log; qdisc_*.txt where applicable,637,True,5.255686522,1,0,0,NOT_ESTABLISHED,NOT_APPLICABLE,NONE,NONE,NOT_ESTABLISHED,STRUCTURALLY_COMPLETE,c161d2959c0277b061009a524cc4f82f504974c8fc1090f62073f17493c1f775,12,V5_SINGLE_VARIABLE_EVALUATION.json
v5:20260913_v5_c3,v5,20260913_v5_c3,v5_runs/20260913_v5_c3,EMPIRICAL_SOFTWARE_TESTBED,C_jitter_only,UNKNOWN,TRUE,v5_runs/20260913_v5_c3/events.log; qdisc_*.txt where applicable,609,False,NOT_OBSERVED,3,0,0,NOT_ESTABLISHED,NOT_APPLICABLE,NONE,NONE,NOT_ESTABLISHED,STRUCTURALLY_COMPLETE,a92170440b4fbf66f1c47872d0a71bcddd8da6c763a174bbd96fa4c6cd1cbf2e,12,V5_SINGLE_VARIABLE_EVALUATION.json
v5:20260913_v5_c4,v5,20260913_v5_c4,v5_runs/20260913_v5_c4,EMPIRICAL_SOFTWARE_TESTBED,C_jitter_only,UNKNOWN,TRUE,v5_runs/20260913_v5_c4/events.log; qdisc_*.txt where applicable,618,False,NOT_OBSERVED,2,0,0,NOT_ESTABLISHED,NOT_APPLICABLE,NONE,NONE,NOT_ESTABLISHED,STRUCTURALLY_COMPLETE,3389ed59f86ca6627a3c4367905918820bee1fbc8fe0b675cbceb089b3e9e867,12,V5_SINGLE_VARIABLE_EVALUATION.json
v5:20260913_v5_c5,v5,20260913_v5_c5,v5_runs/20260913_v5_c5,EMPIRICAL_SOFTWARE_TESTBED,C_jitter_only,UNKNOWN,TRUE,v5_runs/20260913_v5_c5/events.log; qdisc_*.txt where applicable,639,True,7.899371624,2,0,0,NOT_ESTABLISHED,NOT_APPLICABLE,NONE,NONE,NOT_ESTABLISHED,STRUCTURALLY_COMPLETE,91da558e2be4dbb9229e0d9cb4ffd479ced58658aa1e79dcfc705bd61c57e0bd,12,V5_SINGLE_VARIABLE_EVALUATION.json
v5:20260913_v5_d1,v5,20260913_v5_d1,v5_runs/20260913_v5_d1,EMPIRICAL_SOFTWARE_TESTBED,D_delay_only,UNKNOWN,TRUE,v5_runs/20260913_v5_d1/events.log; qdisc_*.txt where applicable,647,False,NOT_OBSERVED,0,0,0,NOT_ESTABLISHED,NOT_APPLICABLE,NONE,NONE,NOT_ESTABLISHED,STRUCTURALLY_COMPLETE,79f3c4f483e8581c0963952293daed9eb3dbd4c6f148ac90d5f27dd6c094b29d,12,V5_SINGLE_VARIABLE_EVALUATION.json
v5:20260913_v5_d2,v5,20260913_v5_d2,v5_runs/20260913_v5_d2,EMPIRICAL_SOFTWARE_TESTBED,D_delay_only,UNKNOWN,TRUE,v5_runs/20260913_v5_d2/events.log; qdisc_*.txt where applicable,630,False,NOT_OBSERVED,0,0,0,NOT_ESTABLISHED,NOT_APPLICABLE,NONE,NONE,NOT_ESTABLISHED,STRUCTURALLY_COMPLETE,58f4d855b3773ff87ac8840eb411b140392a05b0de588c2ae6582f7e2061e28d,12,V5_SINGLE_VARIABLE_EVALUATION.json
v5:20260913_v5_d3,v5,20260913_v5_d3,v5_runs/20260913_v5_d3,EMPIRICAL_SOFTWARE_TESTBED,D_delay_only,UNKNOWN,TRUE,v5_runs/20260913_v5_d3/events.log; qdisc_*.txt where applicable,606,False,NOT_OBSERVED,0,0,0,NOT_ESTABLISHED,NOT_APPLICABLE,NONE,NONE,NOT_ESTABLISHED,STRUCTURALLY_COMPLETE,2551d2c103cdedbe77aa34e01772dd5d3e215dc2c1aed4ee6537358bdb1b2f3d,12,V5_SINGLE_VARIABLE_EVALUATION.json
v5:20260913_v5_d4,v5,20260913_v5_d4,v5_runs/20260913_v5_d4,EMPIRICAL_SOFTWARE_TESTBED,D_delay_only,UNKNOWN,TRUE,v5_runs/20260913_v5_d4/events.log; qdisc_*.txt where applicable,635,False,NOT_OBSERVED,0,0,0,NOT_ESTABLISHED,NOT_APPLICABLE,NONE,NONE,NOT_ESTABLISHED,STRUCTURALLY_COMPLETE,a8be361144cd3946408d4d41aac10b9689c63f5acd4dc516f943406f44940bff,12,V5_SINGLE_VARIABLE_EVALUATION.json
v5:20260913_v5_d5,v5,20260913_v5_d5,v5_runs/20260913_v5_d5,EMPIRICAL_SOFTWARE_TESTBED,D_delay_only,UNKNOWN,TRUE,v5_runs/20260913_v5_d5/events.log; qdisc_*.txt where applicable,635,False,NOT_OBSERVED,0,0,0,NOT_ESTABLISHED,NOT_APPLICABLE,NONE,NONE,NOT_ESTABLISHED,STRUCTURALLY_COMPLETE,6b245464784b7a0314461eba9d64d054dbd35be1f112847d5636839160609cc3,12,V5_SINGLE_VARIABLE_EVALUATION.json
v5:20260913_v5_e1,v5,20260913_v5_e1,v5_runs/20260913_v5_e1,EMPIRICAL_SOFTWARE_TESTBED,E_full_v4_impairment,tc netem delay 1000us 200us distribution normal loss 1%,TRUE,v5_runs/20260913_v5_e1/events.log; qdisc_*.txt where applicable,606,False,NOT_OBSERVED,4,0,0,NOT_ESTABLISHED,NOT_APPLICABLE,NONE,NONE,NOT_ESTABLISHED,STRUCTURALLY_COMPLETE,763a536212a43057a903d6d986d1f3f86bf21b2d6146644c9f69523e4aa8262d,12,V5_SINGLE_VARIABLE_EVALUATION.json
v5:20260913_v5_e2,v5,20260913_v5_e2,v5_runs/20260913_v5_e2,EMPIRICAL_SOFTWARE_TESTBED,E_full_v4_impairment,tc netem delay 1000us 200us distribution normal loss 1%,TRUE,v5_runs/20260913_v5_e2/events.log; qdisc_*.txt where applicable,626,False,NOT_OBSERVED,2,0,0,NOT_ESTABLISHED,NOT_APPLICABLE,NONE,NONE,NOT_ESTABLISHED,STRUCTURALLY_COMPLETE,ffa925394f49341042ef076292e08ee0aa06e91e4a9ad01ae50e9abf29b2d369,12,V5_SINGLE_VARIABLE_EVALUATION.json
v5:20260913_v5_e3,v5,20260913_v5_e3,v5_runs/20260913_v5_e3,EMPIRICAL_SOFTWARE_TESTBED,E_full_v4_impairment,tc netem delay 1000us 200us distribution normal loss 1%,TRUE,v5_runs/20260913_v5_e3/events.log; qdisc_*.txt where applicable,630,True,5.840045929,3,0,0,NOT_ESTABLISHED,NOT_APPLICABLE,NONE,NONE,NOT_ESTABLISHED,STRUCTURALLY_COMPLETE,abf034bf2c676d4f142c8eab0afe74ef37d51b7481dad19d1205486c16fff9de,12,V5_SINGLE_VARIABLE_EVALUATION.json
v5:20260913_v5_e4,v5,20260913_v5_e4,v5_runs/20260913_v5_e4,EMPIRICAL_SOFTWARE_TESTBED,E_full_v4_impairment,tc netem delay 1000us 200us distribution normal loss 1%,TRUE,v5_runs/20260913_v5_e4/events.log; qdisc_*.txt where applicable,632,True,7.254256248,1,0,0,NOT_ESTABLISHED,NOT_APPLICABLE,NONE,NONE,NOT_ESTABLISHED,STRUCTURALLY_COMPLETE,4a8d454a49843681f6d3a37df487dfe9e6c0bf735add41f6b7daf71385bef61e,12,V5_SINGLE_VARIABLE_EVALUATION.json
v5:20260913_v5_e5,v5,20260913_v5_e5,v5_runs/20260913_v5_e5,EMPIRICAL_SOFTWARE_TESTBED,E_full_v4_impairment,tc netem delay 1000us 200us distribution normal loss 1%,TRUE,v5_runs/20260913_v5_e5/events.log; qdisc_*.txt where applicable,604,True,7.350689411,1,0,0,NOT_ESTABLISHED,NOT_APPLICABLE,NONE,NONE,NOT_ESTABLISHED,STRUCTURALLY_COMPLETE,1099a2f4ac377cf58439b76cddf907424eeeceff201a67eafa86af24b8b890ad,12,V5_SINGLE_VARIABLE_EVALUATION.json
s11:20260913_s11_act1,s11_closed_loop,20260913_s11_act1,s11_runs/20260913_s11_act1,EMPIRICAL_SOFTWARE_TESTBED,s11_action,"tc netem delay 100us 200us distribution normal on segment 1 (jitter only, no loss)",TRUE,s11_runs/20260913_s11_act1/events.log; tc_seg1_p2.txt,SEE_S11_AND_S12_EVALUATIONS,True,77.065779,SEE_S11_CLOSED_LOOP_EVALUATION,NOT_APPLICABLE_NO_SOURCE_TERMINATION,SEE_S11_CLOSED_LOOP_EVALUATION,ACTIVE_PORT_MOVED_TO_CLEAN_SEGMENT,NOT_APPLICABLE,stop using the impaired segment (port down),ip link set down on segment-1 slave port,ACTIVE_PATH_PACKET_PERSISTENCE_AFTER_TRIGGER=0; ELIGIBLE=True; CLEAN=True,S11_TRIAL_ARM_ACTION,e7e880d362462c22b0dc9223854ef7fcf35b5aaa0ea7ff2c74127b72161d7401,SEE_S11_CLOSED_LOOP_EVALUATION,S11_CLOSED_LOOP_EVALUATION.json
s11:20260913_s11_act2,s11_closed_loop,20260913_s11_act2,s11_runs/20260913_s11_act2,EMPIRICAL_SOFTWARE_TESTBED,s11_action,"tc netem delay 100us 200us distribution normal on segment 1 (jitter only, no loss)",TRUE,s11_runs/20260913_s11_act2/events.log; tc_seg1_p2.txt,SEE_S11_AND_S12_EVALUATIONS,True,172.500547,SEE_S11_CLOSED_LOOP_EVALUATION,NOT_APPLICABLE_NO_SOURCE_TERMINATION,SEE_S11_CLOSED_LOOP_EVALUATION,ACTIVE_PORT_MOVED_TO_CLEAN_SEGMENT,NOT_APPLICABLE,stop using the impaired segment (port down),ip link set down on segment-1 slave port,ACTIVE_PATH_PACKET_PERSISTENCE_AFTER_TRIGGER=0; ELIGIBLE=True; CLEAN=True,S11_TRIAL_ARM_ACTION,fcffe6ce7a18ad21997d79f637950108584e90de0d70f4d6da7652a6a8366116,SEE_S11_CLOSED_LOOP_EVALUATION,S11_CLOSED_LOOP_EVALUATION.json
s11:20260913_s11_act3,s11_closed_loop,20260913_s11_act3,s11_runs/20260913_s11_act3,EMPIRICAL_SOFTWARE_TESTBED,s11_action,"tc netem delay 100us 200us distribution normal on segment 1 (jitter only, no loss)",TRUE,s11_runs/20260913_s11_act3/events.log; tc_seg1_p2.txt,SEE_S11_AND_S12_EVALUATIONS,True,285.125161,SEE_S11_CLOSED_LOOP_EVALUATION,NOT_APPLICABLE_NO_SOURCE_TERMINATION,SEE_S11_CLOSED_LOOP_EVALUATION,ACTIVE_PORT_MOVED_TO_CLEAN_SEGMENT,NOT_APPLICABLE,stop using the impaired segment (port down),ip link set down on segment-1 slave port,ACTIVE_PATH_PACKET_PERSISTENCE_AFTER_TRIGGER=0; ELIGIBLE=True; CLEAN=True,S11_TRIAL_ARM_ACTION,9ae6831b569b18a2a0f33a6d1c969831e985c621113643f1d262e9f905d35351,SEE_S11_CLOSED_LOOP_EVALUATION,S11_CLOSED_LOOP_EVALUATION.json
s11:20260913_s11_act4,s11_closed_loop,20260913_s11_act4,s11_runs/20260913_s11_act4,EMPIRICAL_SOFTWARE_TESTBED,s11_action,"tc netem delay 100us 200us distribution normal on segment 1 (jitter only, no loss)",TRUE,s11_runs/20260913_s11_act4/events.log; tc_seg1_p2.txt,SEE_S11_AND_S12_EVALUATIONS,True,366.929617,SEE_S11_CLOSED_LOOP_EVALUATION,NOT_APPLICABLE_NO_SOURCE_TERMINATION,SEE_S11_CLOSED_LOOP_EVALUATION,ACTIVE_PORT_MOVED_TO_CLEAN_SEGMENT,NOT_APPLICABLE,stop using the impaired segment (port down),ip link set down on segment-1 slave port,ACTIVE_PATH_PACKET_PERSISTENCE_AFTER_TRIGGER=0; ELIGIBLE=True; CLEAN=True,S11_TRIAL_ARM_ACTION,9569c92c89fc454c1a98752e59f5c4061fd801bc211d0ad2a904903945b38c00,SEE_S11_CLOSED_LOOP_EVALUATION,S11_CLOSED_LOOP_EVALUATION.json
s11:20260913_s11_act5,s11_closed_loop,20260913_s11_act5,s11_runs/20260913_s11_act5,EMPIRICAL_SOFTWARE_TESTBED,s11_action,"tc netem delay 100us 200us distribution normal on segment 1 (jitter only, no loss)",TRUE,s11_runs/20260913_s11_act5/events.log; tc_seg1_p2.txt,SEE_S11_AND_S12_EVALUATIONS,True,466.989038,SEE_S11_CLOSED_LOOP_EVALUATION,NOT_APPLICABLE_NO_SOURCE_TERMINATION,SEE_S11_CLOSED_LOOP_EVALUATION,ACTIVE_PORT_MOVED_TO_CLEAN_SEGMENT,NOT_APPLICABLE,stop using the impaired segment (port down),ip link set down on segment-1 slave port,ACTIVE_PATH_PACKET_PERSISTENCE_AFTER_TRIGGER=0; ELIGIBLE=True; CLEAN=True,S11_TRIAL_ARM_ACTION,dad752bce847e7b0c97b8e78ec749b9e25738677a8534a0808d233f2f3aa8d0b,SEE_S11_CLOSED_LOOP_EVALUATION,S11_CLOSED_LOOP_EVALUATION.json
s11:20260913_s11_noact1,s11_closed_loop,20260913_s11_noact1,s11_runs/20260913_s11_noact1,EMPIRICAL_SOFTWARE_TESTBED,s11_no_action,"tc netem delay 100us 200us distribution normal on segment 1 (jitter only, no loss)",TRUE,s11_runs/20260913_s11_noact1/events.log; tc_seg1_p2.txt,SEE_S11_AND_S12_EVALUATIONS,True,124.840575,SEE_S11_CLOSED_LOOP_EVALUATION,NOT_APPLICABLE_NO_SOURCE_TERMINATION,SEE_S11_CLOSED_LOOP_EVALUATION,NO_PORT_STATE_CHANGE,NOT_APPLICABLE,stop using the impaired segment (port down),NONE (matched no-action control),ACTIVE_PATH_PACKET_PERSISTENCE_AFTER_TRIGGER=4; ELIGIBLE=True; CLEAN=False,S11_TRIAL_ARM_NO_ACTION,12a81bb0934b8e8b2c9a1df3188943a85d8fa1f65b684c3470d307659b649fbf,SEE_S11_CLOSED_LOOP_EVALUATION,S11_CLOSED_LOOP_EVALUATION.json
s11:20260913_s11_noact2,s11_closed_loop,20260913_s11_noact2,s11_runs/20260913_s11_noact2,EMPIRICAL_SOFTWARE_TESTBED,s11_no_action,"tc netem delay 100us 200us distribution normal on segment 1 (jitter only, no loss)",TRUE,s11_runs/20260913_s11_noact2/events.log; tc_seg1_p2.txt,SEE_S11_AND_S12_EVALUATIONS,True,237.066707,SEE_S11_CLOSED_LOOP_EVALUATION,NOT_APPLICABLE_NO_SOURCE_TERMINATION,SEE_S11_CLOSED_LOOP_EVALUATION,NO_PORT_STATE_CHANGE,NOT_APPLICABLE,stop using the impaired segment (port down),NONE (matched no-action control),ACTIVE_PATH_PACKET_PERSISTENCE_AFTER_TRIGGER=5; ELIGIBLE=True; CLEAN=False,S11_TRIAL_ARM_NO_ACTION,23f53c0bfd330a10ec63681b88f9ac57097c7c4f4173c5666346aa93d2407f00,SEE_S11_CLOSED_LOOP_EVALUATION,S11_CLOSED_LOOP_EVALUATION.json
s11:20260913_s11_noact3,s11_closed_loop,20260913_s11_noact3,s11_runs/20260913_s11_noact3,EMPIRICAL_SOFTWARE_TESTBED,s11_no_action,"tc netem delay 100us 200us distribution normal on segment 1 (jitter only, no loss)",TRUE,s11_runs/20260913_s11_noact3/events.log; tc_seg1_p2.txt,SEE_S11_AND_S12_EVALUATIONS,True,324.623838,SEE_S11_CLOSED_LOOP_EVALUATION,NOT_APPLICABLE_NO_SOURCE_TERMINATION,SEE_S11_CLOSED_LOOP_EVALUATION,NO_PORT_STATE_CHANGE,NOT_APPLICABLE,stop using the impaired segment (port down),NONE (matched no-action control),ACTIVE_PATH_PACKET_PERSISTENCE_AFTER_TRIGGER=7; ELIGIBLE=True; CLEAN=False,S11_TRIAL_ARM_NO_ACTION,b26fec30a438405f00254899ea9c1855c4faece30b98dd764e3d8316445f79ce,SEE_S11_CLOSED_LOOP_EVALUATION,S11_CLOSED_LOOP_EVALUATION.json
s11:20260913_s11_noact4,s11_closed_loop,20260913_s11_noact4,s11_runs/20260913_s11_noact4,EMPIRICAL_SOFTWARE_TESTBED,s11_no_action,"tc netem delay 100us 200us distribution normal on segment 1 (jitter only, no loss)",TRUE,s11_runs/20260913_s11_noact4/events.log; tc_seg1_p2.txt,SEE_S11_AND_S12_EVALUATIONS,True,423.447502,SEE_S11_CLOSED_LOOP_EVALUATION,NOT_APPLICABLE_NO_SOURCE_TERMINATION,SEE_S11_CLOSED_LOOP_EVALUATION,NO_PORT_STATE_CHANGE,NOT_APPLICABLE,stop using the impaired segment (port down),NONE (matched no-action control),ACTIVE_PATH_PACKET_PERSISTENCE_AFTER_TRIGGER=5; ELIGIBLE=True; CLEAN=False,S11_TRIAL_ARM_NO_ACTION,208ad3001602cd7ab27a30d49ed7142da01111143ec6595766783756b11e6300,SEE_S11_CLOSED_LOOP_EVALUATION,S11_CLOSED_LOOP_EVALUATION.json
s11:20260913_s11_noact5,s11_closed_loop,20260913_s11_noact5,s11_runs/20260913_s11_noact5,EMPIRICAL_SOFTWARE_TESTBED,s11_no_action,"tc netem delay 100us 200us distribution normal on segment 1 (jitter only, no loss)",TRUE,s11_runs/20260913_s11_noact5/events.log; tc_seg1_p2.txt,SEE_S11_AND_S12_EVALUATIONS,True,515.139906,SEE_S11_CLOSED_LOOP_EVALUATION,NOT_APPLICABLE_NO_SOURCE_TERMINATION,SEE_S11_CLOSED_LOOP_EVALUATION,NO_PORT_STATE_CHANGE,NOT_APPLICABLE,stop using the impaired segment (port down),NONE (matched no-action control),ACTIVE_PATH_PACKET_PERSISTENCE_AFTER_TRIGGER=6; ELIGIBLE=True; CLEAN=False,S11_TRIAL_ARM_NO_ACTION,3fe325a043ca86f3ed1b301cf7858c470d21f066a0c57148c0e51d7ec04e00ac,SEE_S11_CLOSED_LOOP_EVALUATION,S11_CLOSED_LOOP_EVALUATION.json
legacy:20260910_baseline,legacy_set1_set2_set3,20260910_baseline,runs/20260910_baseline,EMPIRICAL_SOFTWARE_TESTBED,baseline_control,none (no qdisc impairment),TRUE,runs/20260910_baseline/events.log,886,NOT_EVALUATED_BY_FROZEN_DETECTOR,NOT_EVALUATED_BY_FROZEN_DETECTOR,NOT_EVALUATED_BY_FROZEN_DETECTOR,NOT_EVALUATED_BY_FROZEN_DETECTOR,NOT_EVALUATED_BY_FROZEN_DETECTOR,NOT_ESTABLISHED,NOT_APPLICABLE,NONE,NONE,NOT_ESTABLISHED,VERIFIED,SEE_RUN_ANALYSIS_JSON,SEE_RUN_ANALYSIS_JSON,RUN_ANALYSIS.json
legacy:20260910_calibrated_baseline,legacy_set1_set2_set3,20260910_calibrated_baseline,runs/20260910_calibrated_baseline,EMPIRICAL_SOFTWARE_TESTBED,baseline_control,none (no qdisc impairment),TRUE,runs/20260910_calibrated_baseline/events.log,899,NOT_EVALUATED_BY_FROZEN_DETECTOR,NOT_EVALUATED_BY_FROZEN_DETECTOR,NOT_EVALUATED_BY_FROZEN_DETECTOR,NOT_EVALUATED_BY_FROZEN_DETECTOR,NOT_EVALUATED_BY_FROZEN_DETECTOR,NOT_ESTABLISHED,NOT_APPLICABLE,NONE,NONE,NOT_ESTABLISHED,VERIFIED,SEE_RUN_ANALYSIS_JSON,SEE_RUN_ANALYSIS_JSON,RUN_ANALYSIS.json
legacy:20260910_calibrated_netem,legacy_set1_set2_set3,20260910_calibrated_netem,runs/20260910_calibrated_netem,EMPIRICAL_SOFTWARE_TESTBED,netem_delay_jitter_loss,tc netem delay 1000us 200us distribution normal loss 1%,UNVERIFIED,runs/20260910_calibrated_netem/events.log,872,NOT_EVALUATED_BY_FROZEN_DETECTOR,NOT_EVALUATED_BY_FROZEN_DETECTOR,NOT_EVALUATED_BY_FROZEN_DETECTOR,NOT_EVALUATED_BY_FROZEN_DETECTOR,NOT_EVALUATED_BY_FROZEN_DETECTOR,NOT_ESTABLISHED,NOT_APPLICABLE,NONE,NONE,NOT_ESTABLISHED,UNVERIFIED_QUARANTINED,SEE_RUN_ANALYSIS_JSON,SEE_RUN_ANALYSIS_JSON,RUN_ANALYSIS.json
legacy:20260910_calibrated_source_control,legacy_set1_set2_set3,20260910_calibrated_source_control,runs/20260910_calibrated_source_control,EMPIRICAL_SOFTWARE_TESTBED,authorized_source_change_no_action_control,none (two authorised masters remain running),TRUE,runs/20260910_calibrated_source_control/events.log,904,NOT_EVALUATED_BY_FROZEN_DETECTOR,NOT_EVALUATED_BY_FROZEN_DETECTOR,NOT_EVALUATED_BY_FROZEN_DETECTOR,NOT_EVALUATED_BY_FROZEN_DETECTOR,NOT_EVALUATED_BY_FROZEN_DETECTOR,NOT_ESTABLISHED,NOT_APPLICABLE,NONE,NONE,NOT_ESTABLISHED,VERIFIED,SEE_RUN_ANALYSIS_JSON,SEE_RUN_ANALYSIS_JSON,RUN_ANALYSIS.json
legacy:20260910_calibrated_source_stop,legacy_set1_set2_set3,20260910_calibrated_source_stop,runs/20260910_calibrated_source_stop,EMPIRICAL_SOFTWARE_TESTBED,authorized_source_change_intervention,none (preferred master process terminated mid-run),TRUE,runs/20260910_calibrated_source_stop/events.log,1311,NOT_EVALUATED_BY_FROZEN_DETECTOR,NOT_EVALUATED_BY_FROZEN_DETECTOR,NOT_EVALUATED_BY_FROZEN_DETECTOR,NOT_EVALUATED_BY_FROZEN_DETECTOR,NOT_EVALUATED_BY_FROZEN_DETECTOR,NOT_ESTABLISHED,NOT_APPLICABLE,NONE,NONE,NOT_ESTABLISHED,VERIFIED,SEE_RUN_ANALYSIS_JSON,SEE_RUN_ANALYSIS_JSON,RUN_ANALYSIS.json
legacy:20260910_calibrated_source_stop_retry2,legacy_set1_set2_set3,20260910_calibrated_source_stop_retry2,runs/20260910_calibrated_source_stop_retry2,EMPIRICAL_SOFTWARE_TESTBED,authorized_source_change_intervention,none (preferred master process terminated mid-run),TRUE,runs/20260910_calibrated_source_stop_retry2/events.log,1334,NOT_EVALUATED_BY_FROZEN_DETECTOR,NOT_EVALUATED_BY_FROZEN_DETECTOR,NOT_EVALUATED_BY_FROZEN_DETECTOR,NOT_EVALUATED_BY_FROZEN_DETECTOR,NOT_EVALUATED_BY_FROZEN_DETECTOR,NOT_ESTABLISHED,NOT_APPLICABLE,NONE,NONE,NOT_ESTABLISHED,VERIFIED,SEE_RUN_ANALYSIS_JSON,SEE_RUN_ANALYSIS_JSON,RUN_ANALYSIS.json
legacy:20260910_netem,legacy_set1_set2_set3,20260910_netem,runs/20260910_netem,EMPIRICAL_SOFTWARE_TESTBED,netem_delay_jitter_loss,tc netem delay 1000us 200us distribution normal loss 1%,TRUE,runs/20260910_netem/events.log,862,NOT_EVALUATED_BY_FROZEN_DETECTOR,NOT_EVALUATED_BY_FROZEN_DETECTOR,NOT_EVALUATED_BY_FROZEN_DETECTOR,NOT_EVALUATED_BY_FROZEN_DETECTOR,NOT_EVALUATED_BY_FROZEN_DETECTOR,NOT_ESTABLISHED,NOT_APPLICABLE,NONE,NONE,NOT_ESTABLISHED,VERIFIED,SEE_RUN_ANALYSIS_JSON,SEE_RUN_ANALYSIS_JSON,RUN_ANALYSIS.json
legacy:20260910_source_control,legacy_set1_set2_set3,20260910_source_control,runs/20260910_source_control,EMPIRICAL_SOFTWARE_TESTBED,authorized_source_change_no_action_control,none (two authorised masters remain running),TRUE,runs/20260910_source_control/events.log,870,NOT_EVALUATED_BY_FROZEN_DETECTOR,NOT_EVALUATED_BY_FROZEN_DETECTOR,NOT_EVALUATED_BY_FROZEN_DETECTOR,NOT_EVALUATED_BY_FROZEN_DETECTOR,NOT_EVALUATED_BY_FROZEN_DETECTOR,NOT_ESTABLISHED,NOT_APPLICABLE,NONE,NONE,NOT_ESTABLISHED,VERIFIED,SEE_RUN_ANALYSIS_JSON,SEE_RUN_ANALYSIS_JSON,RUN_ANALYSIS.json
legacy:20260910_source_stop,legacy_set1_set2_set3,20260910_source_stop,runs/20260910_source_stop,EMPIRICAL_SOFTWARE_TESTBED,authorized_source_change_intervention,none (preferred master process terminated mid-run),TRUE,runs/20260910_source_stop/events.log,1144,NOT_EVALUATED_BY_FROZEN_DETECTOR,NOT_EVALUATED_BY_FROZEN_DETECTOR,NOT_EVALUATED_BY_FROZEN_DETECTOR,NOT_EVALUATED_BY_FROZEN_DETECTOR,NOT_EVALUATED_BY_FROZEN_DETECTOR,NOT_ESTABLISHED,NOT_APPLICABLE,NONE,NONE,NOT_ESTABLISHED,VERIFIED,SEE_RUN_ANALYSIS_JSON,SEE_RUN_ANALYSIS_JSON,RUN_ANALYSIS.json
legacy:20260910_source_stop_retry,legacy_set1_set2_set3,20260910_source_stop_retry,runs/20260910_source_stop_retry,EMPIRICAL_SOFTWARE_TESTBED,authorized_source_change_intervention,none (preferred master process terminated mid-run),TRUE,runs/20260910_source_stop_retry/events.log,1125,NOT_EVALUATED_BY_FROZEN_DETECTOR,NOT_EVALUATED_BY_FROZEN_DETECTOR,NOT_EVALUATED_BY_FROZEN_DETECTOR,NOT_EVALUATED_BY_FROZEN_DETECTOR,NOT_EVALUATED_BY_FROZEN_DETECTOR,NOT_ESTABLISHED,NOT_APPLICABLE,NONE,NONE,NOT_ESTABLISHED,VERIFIED,SEE_RUN_ANALYSIS_JSON,SEE_RUN_ANALYSIS_JSON,RUN_ANALYSIS.json
legacy:20260911_calibrated_netem_v3,legacy_set1_set2_set3,20260911_calibrated_netem_v3,runs/20260911_calibrated_netem_v3,EMPIRICAL_SOFTWARE_TESTBED,netem_delay_jitter_loss,tc netem delay 1000us 200us distribution normal loss 1%,TRUE,runs/20260911_calibrated_netem_v3/events.log,2020,NOT_EVALUATED_BY_FROZEN_DETECTOR,NOT_EVALUATED_BY_FROZEN_DETECTOR,NOT_EVALUATED_BY_FROZEN_DETECTOR,NOT_EVALUATED_BY_FROZEN_DETECTOR,NOT_EVALUATED_BY_FROZEN_DETECTOR,NOT_ESTABLISHED,NOT_APPLICABLE,NONE,NONE,NOT_ESTABLISHED,VERIFIED,SEE_RUN_ANALYSIS_JSON,SEE_RUN_ANALYSIS_JSON,RUN_ANALYSIS.json
legacy:20260911_set2_baseline_r1,legacy_set1_set2_set3,20260911_set2_baseline_r1,runs/20260911_set2_baseline_r1,EMPIRICAL_SOFTWARE_TESTBED,baseline_control,none (no qdisc impairment),TRUE,runs/20260911_set2_baseline_r1/events.log,2037,NOT_EVALUATED_BY_FROZEN_DETECTOR,NOT_EVALUATED_BY_FROZEN_DETECTOR,NOT_EVALUATED_BY_FROZEN_DETECTOR,NOT_EVALUATED_BY_FROZEN_DETECTOR,NOT_EVALUATED_BY_FROZEN_DETECTOR,NOT_ESTABLISHED,NOT_APPLICABLE,NONE,NONE,NOT_ESTABLISHED,VERIFIED,SEE_RUN_ANALYSIS_JSON,SEE_RUN_ANALYSIS_JSON,RUN_ANALYSIS.json
legacy:20260911_set2_baseline_r2,legacy_set1_set2_set3,20260911_set2_baseline_r2,runs/20260911_set2_baseline_r2,EMPIRICAL_SOFTWARE_TESTBED,baseline_control,none (no qdisc impairment),TRUE,runs/20260911_set2_baseline_r2/events.log,2020,NOT_EVALUATED_BY_FROZEN_DETECTOR,NOT_EVALUATED_BY_FROZEN_DETECTOR,NOT_EVALUATED_BY_FROZEN_DETECTOR,NOT_EVALUATED_BY_FROZEN_DETECTOR,NOT_EVALUATED_BY_FROZEN_DETECTOR,NOT_ESTABLISHED,NOT_APPLICABLE,NONE,NONE,NOT_ESTABLISHED,VERIFIED,SEE_RUN_ANALYSIS_JSON,SEE_RUN_ANALYSIS_JSON,RUN_ANALYSIS.json
legacy:20260911_set2_baseline_r3,legacy_set1_set2_set3,20260911_set2_baseline_r3,runs/20260911_set2_baseline_r3,EMPIRICAL_SOFTWARE_TESTBED,baseline_control,none (no qdisc impairment),TRUE,runs/20260911_set2_baseline_r3/events.log,2014,NOT_EVALUATED_BY_FROZEN_DETECTOR,NOT_EVALUATED_BY_FROZEN_DETECTOR,NOT_EVALUATED_BY_FROZEN_DETECTOR,NOT_EVALUATED_BY_FROZEN_DETECTOR,NOT_EVALUATED_BY_FROZEN_DETECTOR,NOT_ESTABLISHED,NOT_APPLICABLE,NONE,NONE,NOT_ESTABLISHED,VERIFIED,SEE_RUN_ANALYSIS_JSON,SEE_RUN_ANALYSIS_JSON,RUN_ANALYSIS.json
legacy:20260911_set2_control_r1,legacy_set1_set2_set3,20260911_set2_control_r1,runs/20260911_set2_control_r1,EMPIRICAL_SOFTWARE_TESTBED,authorized_source_change_no_action_control,none (two authorised masters remain running),TRUE,runs/20260911_set2_control_r1/events.log,2026,NOT_EVALUATED_BY_FROZEN_DETECTOR,NOT_EVALUATED_BY_FROZEN_DETECTOR,NOT_EVALUATED_BY_FROZEN_DETECTOR,NOT_EVALUATED_BY_FROZEN_DETECTOR,NOT_EVALUATED_BY_FROZEN_DETECTOR,NOT_ESTABLISHED,NOT_APPLICABLE,NONE,NONE,NOT_ESTABLISHED,VERIFIED,SEE_RUN_ANALYSIS_JSON,SEE_RUN_ANALYSIS_JSON,RUN_ANALYSIS.json
legacy:20260911_set2_control_r2,legacy_set1_set2_set3,20260911_set2_control_r2,runs/20260911_set2_control_r2,EMPIRICAL_SOFTWARE_TESTBED,authorized_source_change_no_action_control,none (two authorised masters remain running),TRUE,runs/20260911_set2_control_r2/events.log,2048,NOT_EVALUATED_BY_FROZEN_DETECTOR,NOT_EVALUATED_BY_FROZEN_DETECTOR,NOT_EVALUATED_BY_FROZEN_DETECTOR,NOT_EVALUATED_BY_FROZEN_DETECTOR,NOT_EVALUATED_BY_FROZEN_DETECTOR,NOT_ESTABLISHED,NOT_APPLICABLE,NONE,NONE,NOT_ESTABLISHED,VERIFIED,SEE_RUN_ANALYSIS_JSON,SEE_RUN_ANALYSIS_JSON,RUN_ANALYSIS.json
legacy:20260911_set2_control_r3,legacy_set1_set2_set3,20260911_set2_control_r3,runs/20260911_set2_control_r3,EMPIRICAL_SOFTWARE_TESTBED,authorized_source_change_no_action_control,none (two authorised masters remain running),TRUE,runs/20260911_set2_control_r3/events.log,2017,NOT_EVALUATED_BY_FROZEN_DETECTOR,NOT_EVALUATED_BY_FROZEN_DETECTOR,NOT_EVALUATED_BY_FROZEN_DETECTOR,NOT_EVALUATED_BY_FROZEN_DETECTOR,NOT_EVALUATED_BY_FROZEN_DETECTOR,NOT_ESTABLISHED,NOT_APPLICABLE,NONE,NONE,NOT_ESTABLISHED,VERIFIED,SEE_RUN_ANALYSIS_JSON,SEE_RUN_ANALYSIS_JSON,RUN_ANALYSIS.json
legacy:20260911_set2_intervention_r1,legacy_set1_set2_set3,20260911_set2_intervention_r1,runs/20260911_set2_intervention_r1,EMPIRICAL_SOFTWARE_TESTBED,authorized_source_change_intervention,none (preferred master process terminated mid-run),TRUE,runs/20260911_set2_intervention_r1/events.log,3114,NOT_EVALUATED_BY_FROZEN_DETECTOR,NOT_EVALUATED_BY_FROZEN_DETECTOR,NOT_EVALUATED_BY_FROZEN_DETECTOR,NOT_EVALUATED_BY_FROZEN_DETECTOR,NOT_EVALUATED_BY_FROZEN_DETECTOR,NOT_ESTABLISHED,NOT_APPLICABLE,NONE,NONE,NOT_ESTABLISHED,VERIFIED,SEE_RUN_ANALYSIS_JSON,SEE_RUN_ANALYSIS_JSON,RUN_ANALYSIS.json
legacy:20260911_set2_intervention_r2,legacy_set1_set2_set3,20260911_set2_intervention_r2,runs/20260911_set2_intervention_r2,EMPIRICAL_SOFTWARE_TESTBED,authorized_source_change_intervention,none (preferred master process terminated mid-run),TRUE,runs/20260911_set2_intervention_r2/events.log,3244,NOT_EVALUATED_BY_FROZEN_DETECTOR,NOT_EVALUATED_BY_FROZEN_DETECTOR,NOT_EVALUATED_BY_FROZEN_DETECTOR,NOT_EVALUATED_BY_FROZEN_DETECTOR,NOT_EVALUATED_BY_FROZEN_DETECTOR,NOT_ESTABLISHED,NOT_APPLICABLE,NONE,NONE,NOT_ESTABLISHED,VERIFIED,SEE_RUN_ANALYSIS_JSON,SEE_RUN_ANALYSIS_JSON,RUN_ANALYSIS.json
legacy:20260911_set2_intervention_r3,legacy_set1_set2_set3,20260911_set2_intervention_r3,runs/20260911_set2_intervention_r3,EMPIRICAL_SOFTWARE_TESTBED,authorized_source_change_intervention,none (preferred master process terminated mid-run),TRUE,runs/20260911_set2_intervention_r3/events.log,3130,NOT_EVALUATED_BY_FROZEN_DETECTOR,NOT_EVALUATED_BY_FROZEN_DETECTOR,NOT_EVALUATED_BY_FROZEN_DETECTOR,NOT_EVALUATED_BY_FROZEN_DETECTOR,NOT_EVALUATED_BY_FROZEN_DETECTOR,NOT_ESTABLISHED,NOT_APPLICABLE,NONE,NONE,NOT_ESTABLISHED,VERIFIED,SEE_RUN_ANALYSIS_JSON,SEE_RUN_ANALYSIS_JSON,RUN_ANALYSIS.json
legacy:20260911_set2_netem_r1,legacy_set1_set2_set3,20260911_set2_netem_r1,runs/20260911_set2_netem_r1,EMPIRICAL_SOFTWARE_TESTBED,netem_delay_jitter_loss,tc netem delay 1000us 200us distribution normal loss 1%,TRUE,runs/20260911_set2_netem_r1/events.log,2045,NOT_EVALUATED_BY_FROZEN_DETECTOR,NOT_EVALUATED_BY_FROZEN_DETECTOR,NOT_EVALUATED_BY_FROZEN_DETECTOR,NOT_EVALUATED_BY_FROZEN_DETECTOR,NOT_EVALUATED_BY_FROZEN_DETECTOR,NOT_ESTABLISHED,NOT_APPLICABLE,NONE,NONE,NOT_ESTABLISHED,VERIFIED,SEE_RUN_ANALYSIS_JSON,SEE_RUN_ANALYSIS_JSON,RUN_ANALYSIS.json
legacy:20260911_set2_netem_r2,legacy_set1_set2_set3,20260911_set2_netem_r2,runs/20260911_set2_netem_r2,EMPIRICAL_SOFTWARE_TESTBED,netem_delay_jitter_loss,tc netem delay 1000us 200us distribution normal loss 1%,TRUE,runs/20260911_set2_netem_r2/events.log,2058,NOT_EVALUATED_BY_FROZEN_DETECTOR,NOT_EVALUATED_BY_FROZEN_DETECTOR,NOT_EVALUATED_BY_FROZEN_DETECTOR,NOT_EVALUATED_BY_FROZEN_DETECTOR,NOT_EVALUATED_BY_FROZEN_DETECTOR,NOT_ESTABLISHED,NOT_APPLICABLE,NONE,NONE,NOT_ESTABLISHED,VERIFIED,SEE_RUN_ANALYSIS_JSON,SEE_RUN_ANALYSIS_JSON,RUN_ANALYSIS.json
legacy:20260911_set2_netem_r3,legacy_set1_set2_set3,20260911_set2_netem_r3,runs/20260911_set2_netem_r3,EMPIRICAL_SOFTWARE_TESTBED,netem_delay_jitter_loss,tc netem delay 1000us 200us distribution normal loss 1%,TRUE,runs/20260911_set2_netem_r3/events.log,2013,NOT_EVALUATED_BY_FROZEN_DETECTOR,NOT_EVALUATED_BY_FROZEN_DETECTOR,NOT_EVALUATED_BY_FROZEN_DETECTOR,NOT_EVALUATED_BY_FROZEN_DETECTOR,NOT_EVALUATED_BY_FROZEN_DETECTOR,NOT_ESTABLISHED,NOT_APPLICABLE,NONE,NONE,NOT_ESTABLISHED,VERIFIED,SEE_RUN_ANALYSIS_JSON,SEE_RUN_ANALYSIS_JSON,RUN_ANALYSIS.json
legacy:20260911_set3_baseline_r4,legacy_set1_set2_set3,20260911_set3_baseline_r4,runs/20260911_set3_baseline_r4,EMPIRICAL_SOFTWARE_TESTBED,baseline_control,none (no qdisc impairment),TRUE,runs/20260911_set3_baseline_r4/events.log,2037,NOT_EVALUATED_BY_FROZEN_DETECTOR,NOT_EVALUATED_BY_FROZEN_DETECTOR,NOT_EVALUATED_BY_FROZEN_DETECTOR,NOT_EVALUATED_BY_FROZEN_DETECTOR,NOT_EVALUATED_BY_FROZEN_DETECTOR,NOT_ESTABLISHED,NOT_APPLICABLE,NONE,NONE,NOT_ESTABLISHED,VERIFIED,SEE_RUN_ANALYSIS_JSON,SEE_RUN_ANALYSIS_JSON,RUN_ANALYSIS.json
legacy:20260911_set3_baseline_r5,legacy_set1_set2_set3,20260911_set3_baseline_r5,runs/20260911_set3_baseline_r5,EMPIRICAL_SOFTWARE_TESTBED,baseline_control,none (no qdisc impairment),TRUE,runs/20260911_set3_baseline_r5/events.log,2050,NOT_EVALUATED_BY_FROZEN_DETECTOR,NOT_EVALUATED_BY_FROZEN_DETECTOR,NOT_EVALUATED_BY_FROZEN_DETECTOR,NOT_EVALUATED_BY_FROZEN_DETECTOR,NOT_EVALUATED_BY_FROZEN_DETECTOR,NOT_ESTABLISHED,NOT_APPLICABLE,NONE,NONE,NOT_ESTABLISHED,VERIFIED,SEE_RUN_ANALYSIS_JSON,SEE_RUN_ANALYSIS_JSON,RUN_ANALYSIS.json
legacy:20260911_set3_baseline_r6,legacy_set1_set2_set3,20260911_set3_baseline_r6,runs/20260911_set3_baseline_r6,EMPIRICAL_SOFTWARE_TESTBED,baseline_control,none (no qdisc impairment),TRUE,runs/20260911_set3_baseline_r6/events.log,2084,NOT_EVALUATED_BY_FROZEN_DETECTOR,NOT_EVALUATED_BY_FROZEN_DETECTOR,NOT_EVALUATED_BY_FROZEN_DETECTOR,NOT_EVALUATED_BY_FROZEN_DETECTOR,NOT_EVALUATED_BY_FROZEN_DETECTOR,NOT_ESTABLISHED,NOT_APPLICABLE,NONE,NONE,NOT_ESTABLISHED,VERIFIED,SEE_RUN_ANALYSIS_JSON,SEE_RUN_ANALYSIS_JSON,RUN_ANALYSIS.json
legacy:20260911_set3_baseline_r7,legacy_set1_set2_set3,20260911_set3_baseline_r7,runs/20260911_set3_baseline_r7,EMPIRICAL_SOFTWARE_TESTBED,baseline_control,none (no qdisc impairment),TRUE,runs/20260911_set3_baseline_r7/events.log,2038,NOT_EVALUATED_BY_FROZEN_DETECTOR,NOT_EVALUATED_BY_FROZEN_DETECTOR,NOT_EVALUATED_BY_FROZEN_DETECTOR,NOT_EVALUATED_BY_FROZEN_DETECTOR,NOT_EVALUATED_BY_FROZEN_DETECTOR,NOT_ESTABLISHED,NOT_APPLICABLE,NONE,NONE,NOT_ESTABLISHED,VERIFIED,SEE_RUN_ANALYSIS_JSON,SEE_RUN_ANALYSIS_JSON,RUN_ANALYSIS.json
legacy:20260911_set3_baseline_r8,legacy_set1_set2_set3,20260911_set3_baseline_r8,runs/20260911_set3_baseline_r8,EMPIRICAL_SOFTWARE_TESTBED,baseline_control,none (no qdisc impairment),TRUE,runs/20260911_set3_baseline_r8/events.log,2012,NOT_EVALUATED_BY_FROZEN_DETECTOR,NOT_EVALUATED_BY_FROZEN_DETECTOR,NOT_EVALUATED_BY_FROZEN_DETECTOR,NOT_EVALUATED_BY_FROZEN_DETECTOR,NOT_EVALUATED_BY_FROZEN_DETECTOR,NOT_ESTABLISHED,NOT_APPLICABLE,NONE,NONE,NOT_ESTABLISHED,VERIFIED,SEE_RUN_ANALYSIS_JSON,SEE_RUN_ANALYSIS_JSON,RUN_ANALYSIS.json
legacy:20260911_set3_control_r4,legacy_set1_set2_set3,20260911_set3_control_r4,runs/20260911_set3_control_r4,EMPIRICAL_SOFTWARE_TESTBED,authorized_source_change_no_action_control,none (two authorised masters remain running),TRUE,runs/20260911_set3_control_r4/events.log,2026,NOT_EVALUATED_BY_FROZEN_DETECTOR,NOT_EVALUATED_BY_FROZEN_DETECTOR,NOT_EVALUATED_BY_FROZEN_DETECTOR,NOT_EVALUATED_BY_FROZEN_DETECTOR,NOT_EVALUATED_BY_FROZEN_DETECTOR,NOT_ESTABLISHED,NOT_APPLICABLE,NONE,NONE,NOT_ESTABLISHED,VERIFIED,SEE_RUN_ANALYSIS_JSON,SEE_RUN_ANALYSIS_JSON,RUN_ANALYSIS.json
legacy:20260911_set3_control_r5,legacy_set1_set2_set3,20260911_set3_control_r5,runs/20260911_set3_control_r5,EMPIRICAL_SOFTWARE_TESTBED,authorized_source_change_no_action_control,none (two authorised masters remain running),TRUE,runs/20260911_set3_control_r5/events.log,2071,NOT_EVALUATED_BY_FROZEN_DETECTOR,NOT_EVALUATED_BY_FROZEN_DETECTOR,NOT_EVALUATED_BY_FROZEN_DETECTOR,NOT_EVALUATED_BY_FROZEN_DETECTOR,NOT_EVALUATED_BY_FROZEN_DETECTOR,NOT_ESTABLISHED,NOT_APPLICABLE,NONE,NONE,NOT_ESTABLISHED,VERIFIED,SEE_RUN_ANALYSIS_JSON,SEE_RUN_ANALYSIS_JSON,RUN_ANALYSIS.json
legacy:20260911_set3_control_r6,legacy_set1_set2_set3,20260911_set3_control_r6,runs/20260911_set3_control_r6,EMPIRICAL_SOFTWARE_TESTBED,authorized_source_change_no_action_control,none (two authorised masters remain running),TRUE,runs/20260911_set3_control_r6/events.log,2064,NOT_EVALUATED_BY_FROZEN_DETECTOR,NOT_EVALUATED_BY_FROZEN_DETECTOR,NOT_EVALUATED_BY_FROZEN_DETECTOR,NOT_EVALUATED_BY_FROZEN_DETECTOR,NOT_EVALUATED_BY_FROZEN_DETECTOR,NOT_ESTABLISHED,NOT_APPLICABLE,NONE,NONE,NOT_ESTABLISHED,VERIFIED,SEE_RUN_ANALYSIS_JSON,SEE_RUN_ANALYSIS_JSON,RUN_ANALYSIS.json
legacy:20260911_set3_control_r7,legacy_set1_set2_set3,20260911_set3_control_r7,runs/20260911_set3_control_r7,EMPIRICAL_SOFTWARE_TESTBED,authorized_source_change_no_action_control,none (two authorised masters remain running),TRUE,runs/20260911_set3_control_r7/events.log,2051,NOT_EVALUATED_BY_FROZEN_DETECTOR,NOT_EVALUATED_BY_FROZEN_DETECTOR,NOT_EVALUATED_BY_FROZEN_DETECTOR,NOT_EVALUATED_BY_FROZEN_DETECTOR,NOT_EVALUATED_BY_FROZEN_DETECTOR,NOT_ESTABLISHED,NOT_APPLICABLE,NONE,NONE,NOT_ESTABLISHED,VERIFIED,SEE_RUN_ANALYSIS_JSON,SEE_RUN_ANALYSIS_JSON,RUN_ANALYSIS.json
legacy:20260911_set3_control_r8,legacy_set1_set2_set3,20260911_set3_control_r8,runs/20260911_set3_control_r8,EMPIRICAL_SOFTWARE_TESTBED,authorized_source_change_no_action_control,none (two authorised masters remain running),TRUE,runs/20260911_set3_control_r8/events.log,2048,NOT_EVALUATED_BY_FROZEN_DETECTOR,NOT_EVALUATED_BY_FROZEN_DETECTOR,NOT_EVALUATED_BY_FROZEN_DETECTOR,NOT_EVALUATED_BY_FROZEN_DETECTOR,NOT_EVALUATED_BY_FROZEN_DETECTOR,NOT_ESTABLISHED,NOT_APPLICABLE,NONE,NONE,NOT_ESTABLISHED,VERIFIED,SEE_RUN_ANALYSIS_JSON,SEE_RUN_ANALYSIS_JSON,RUN_ANALYSIS.json
legacy:20260911_set3_intervention_r4,legacy_set1_set2_set3,20260911_set3_intervention_r4,runs/20260911_set3_intervention_r4,EMPIRICAL_SOFTWARE_TESTBED,authorized_source_change_intervention,none (preferred master process terminated mid-run),TRUE,runs/20260911_set3_intervention_r4/events.log,3119,NOT_EVALUATED_BY_FROZEN_DETECTOR,NOT_EVALUATED_BY_FROZEN_DETECTOR,NOT_EVALUATED_BY_FROZEN_DETECTOR,NOT_EVALUATED_BY_FROZEN_DETECTOR,NOT_EVALUATED_BY_FROZEN_DETECTOR,NOT_ESTABLISHED,NOT_APPLICABLE,NONE,NONE,NOT_ESTABLISHED,VERIFIED,SEE_RUN_ANALYSIS_JSON,SEE_RUN_ANALYSIS_JSON,RUN_ANALYSIS.json
legacy:20260911_set3_intervention_r5,legacy_set1_set2_set3,20260911_set3_intervention_r5,runs/20260911_set3_intervention_r5,EMPIRICAL_SOFTWARE_TESTBED,authorized_source_change_intervention,none (preferred master process terminated mid-run),TRUE,runs/20260911_set3_intervention_r5/events.log,3133,NOT_EVALUATED_BY_FROZEN_DETECTOR,NOT_EVALUATED_BY_FROZEN_DETECTOR,NOT_EVALUATED_BY_FROZEN_DETECTOR,NOT_EVALUATED_BY_FROZEN_DETECTOR,NOT_EVALUATED_BY_FROZEN_DETECTOR,NOT_ESTABLISHED,NOT_APPLICABLE,NONE,NONE,NOT_ESTABLISHED,VERIFIED,SEE_RUN_ANALYSIS_JSON,SEE_RUN_ANALYSIS_JSON,RUN_ANALYSIS.json
legacy:20260911_set3_intervention_r6,legacy_set1_set2_set3,20260911_set3_intervention_r6,runs/20260911_set3_intervention_r6,EMPIRICAL_SOFTWARE_TESTBED,authorized_source_change_intervention,none (preferred master process terminated mid-run),TRUE,runs/20260911_set3_intervention_r6/events.log,3157,NOT_EVALUATED_BY_FROZEN_DETECTOR,NOT_EVALUATED_BY_FROZEN_DETECTOR,NOT_EVALUATED_BY_FROZEN_DETECTOR,NOT_EVALUATED_BY_FROZEN_DETECTOR,NOT_EVALUATED_BY_FROZEN_DETECTOR,NOT_ESTABLISHED,NOT_APPLICABLE,NONE,NONE,NOT_ESTABLISHED,VERIFIED,SEE_RUN_ANALYSIS_JSON,SEE_RUN_ANALYSIS_JSON,RUN_ANALYSIS.json
legacy:20260911_set3_intervention_r7,legacy_set1_set2_set3,20260911_set3_intervention_r7,runs/20260911_set3_intervention_r7,EMPIRICAL_SOFTWARE_TESTBED,authorized_source_change_intervention,none (preferred master process terminated mid-run),TRUE,runs/20260911_set3_intervention_r7/events.log,3121,NOT_EVALUATED_BY_FROZEN_DETECTOR,NOT_EVALUATED_BY_FROZEN_DETECTOR,NOT_EVALUATED_BY_FROZEN_DETECTOR,NOT_EVALUATED_BY_FROZEN_DETECTOR,NOT_EVALUATED_BY_FROZEN_DETECTOR,NOT_ESTABLISHED,NOT_APPLICABLE,NONE,NONE,NOT_ESTABLISHED,VERIFIED,SEE_RUN_ANALYSIS_JSON,SEE_RUN_ANALYSIS_JSON,RUN_ANALYSIS.json
legacy:20260911_set3_intervention_r8,legacy_set1_set2_set3,20260911_set3_intervention_r8,runs/20260911_set3_intervention_r8,EMPIRICAL_SOFTWARE_TESTBED,authorized_source_change_intervention,none (preferred master process terminated mid-run),TRUE,runs/20260911_set3_intervention_r8/events.log,3104,NOT_EVALUATED_BY_FROZEN_DETECTOR,NOT_EVALUATED_BY_FROZEN_DETECTOR,NOT_EVALUATED_BY_FROZEN_DETECTOR,NOT_EVALUATED_BY_FROZEN_DETECTOR,NOT_EVALUATED_BY_FROZEN_DETECTOR,NOT_ESTABLISHED,NOT_APPLICABLE,NONE,NONE,NOT_ESTABLISHED,VERIFIED,SEE_RUN_ANALYSIS_JSON,SEE_RUN_ANALYSIS_JSON,RUN_ANALYSIS.json
legacy:20260911_set3_netem_r4,legacy_set1_set2_set3,20260911_set3_netem_r4,runs/20260911_set3_netem_r4,EMPIRICAL_SOFTWARE_TESTBED,netem_delay_jitter_loss,tc netem delay 1000us 200us distribution normal loss 1%,TRUE,runs/20260911_set3_netem_r4/events.log,2046,NOT_EVALUATED_BY_FROZEN_DETECTOR,NOT_EVALUATED_BY_FROZEN_DETECTOR,NOT_EVALUATED_BY_FROZEN_DETECTOR,NOT_EVALUATED_BY_FROZEN_DETECTOR,NOT_EVALUATED_BY_FROZEN_DETECTOR,NOT_ESTABLISHED,NOT_APPLICABLE,NONE,NONE,NOT_ESTABLISHED,VERIFIED,SEE_RUN_ANALYSIS_JSON,SEE_RUN_ANALYSIS_JSON,RUN_ANALYSIS.json
legacy:20260911_set3_netem_r5,legacy_set1_set2_set3,20260911_set3_netem_r5,runs/20260911_set3_netem_r5,EMPIRICAL_SOFTWARE_TESTBED,netem_delay_jitter_loss,tc netem delay 1000us 200us distribution normal loss 1%,TRUE,runs/20260911_set3_netem_r5/events.log,2026,NOT_EVALUATED_BY_FROZEN_DETECTOR,NOT_EVALUATED_BY_FROZEN_DETECTOR,NOT_EVALUATED_BY_FROZEN_DETECTOR,NOT_EVALUATED_BY_FROZEN_DETECTOR,NOT_EVALUATED_BY_FROZEN_DETECTOR,NOT_ESTABLISHED,NOT_APPLICABLE,NONE,NONE,NOT_ESTABLISHED,VERIFIED,SEE_RUN_ANALYSIS_JSON,SEE_RUN_ANALYSIS_JSON,RUN_ANALYSIS.json
legacy:20260911_set3_netem_r6,legacy_set1_set2_set3,20260911_set3_netem_r6,runs/20260911_set3_netem_r6,EMPIRICAL_SOFTWARE_TESTBED,netem_delay_jitter_loss,tc netem delay 1000us 200us distribution normal loss 1%,TRUE,runs/20260911_set3_netem_r6/events.log,1964,NOT_EVALUATED_BY_FROZEN_DETECTOR,NOT_EVALUATED_BY_FROZEN_DETECTOR,NOT_EVALUATED_BY_FROZEN_DETECTOR,NOT_EVALUATED_BY_FROZEN_DETECTOR,NOT_EVALUATED_BY_FROZEN_DETECTOR,NOT_ESTABLISHED,NOT_APPLICABLE,NONE,NONE,NOT_ESTABLISHED,VERIFIED,SEE_RUN_ANALYSIS_JSON,SEE_RUN_ANALYSIS_JSON,RUN_ANALYSIS.json
legacy:20260911_set3_netem_r7,legacy_set1_set2_set3,20260911_set3_netem_r7,runs/20260911_set3_netem_r7,EMPIRICAL_SOFTWARE_TESTBED,netem_delay_jitter_loss,tc netem delay 1000us 200us distribution normal loss 1%,TRUE,runs/20260911_set3_netem_r7/events.log,1992,NOT_EVALUATED_BY_FROZEN_DETECTOR,NOT_EVALUATED_BY_FROZEN_DETECTOR,NOT_EVALUATED_BY_FROZEN_DETECTOR,NOT_EVALUATED_BY_FROZEN_DETECTOR,NOT_EVALUATED_BY_FROZEN_DETECTOR,NOT_ESTABLISHED,NOT_APPLICABLE,NONE,NONE,NOT_ESTABLISHED,VERIFIED,SEE_RUN_ANALYSIS_JSON,SEE_RUN_ANALYSIS_JSON,RUN_ANALYSIS.json
legacy:20260911_set3_netem_r8,legacy_set1_set2_set3,20260911_set3_netem_r8,runs/20260911_set3_netem_r8,EMPIRICAL_SOFTWARE_TESTBED,netem_delay_jitter_loss,tc netem delay 1000us 200us distribution normal loss 1%,TRUE,runs/20260911_set3_netem_r8/events.log,1977,NOT_EVALUATED_BY_FROZEN_DETECTOR,NOT_EVALUATED_BY_FROZEN_DETECTOR,NOT_EVALUATED_BY_FROZEN_DETECTOR,NOT_EVALUATED_BY_FROZEN_DETECTOR,NOT_EVALUATED_BY_FROZEN_DETECTOR,NOT_ESTABLISHED,NOT_APPLICABLE,NONE,NONE,NOT_ESTABLISHED,VERIFIED,SEE_RUN_ANALYSIS_JSON,SEE_RUN_ANALYSIS_JSON,RUN_ANALYSIS.json
v1:20260912_streamtest_baseline,v1_streamtest,20260912_streamtest_baseline,runs/20260912_streamtest_baseline,EMPIRICAL_SOFTWARE_TESTBED,baseline_control,none (no qdisc impairment),TRUE,runs/20260912_streamtest_baseline/events.log,864,SUPERSEDED_RULE_V1_NOT_FROZEN_V3,SUPERSEDED_RULE_V1_NOT_FROZEN_V3,0,0,STRUCTURAL_VALIDATION_REQUIRED_SEPARATELY,NOT_ESTABLISHED,NOT_APPLICABLE,NONE,NONE,NOT_ESTABLISHED,EVALUATED_UNDER_SUPERSEDED_V1_RULE,ad66e555b67ae4ad128e777d09d9ab048cb3f5a24200526d69b83a4e35e18c22,NOT_REHASHED_BY_THIS_EVALUATION,STREAMING_PROTOCOL_V1_FRESH_EVALUATION.json
v1:20260912_streamtest_netem,v1_streamtest,20260912_streamtest_netem,runs/20260912_streamtest_netem,EMPIRICAL_SOFTWARE_TESTBED,netem_delay_jitter_loss,tc netem delay 1000us 200us distribution normal loss 1%,TRUE,runs/20260912_streamtest_netem/events.log,840,SUPERSEDED_RULE_V1_NOT_FROZEN_V3,SUPERSEDED_RULE_V1_NOT_FROZEN_V3,89,0,STRUCTURAL_VALIDATION_REQUIRED_SEPARATELY,NOT_ESTABLISHED,NOT_APPLICABLE,NONE,NONE,NOT_ESTABLISHED,EVALUATED_UNDER_SUPERSEDED_V1_RULE,77b585d808d6606e0158d9f7d3c3cc8963a9f058a98a10c5d423e9a43102f05a,NOT_REHASHED_BY_THIS_EVALUATION,STREAMING_PROTOCOL_V1_FRESH_EVALUATION.json
v1:20260912_streamtest_control_retry,v1_streamtest,20260912_streamtest_control_retry,runs/20260912_streamtest_control_retry,EMPIRICAL_SOFTWARE_TESTBED,authorized_source_change_no_action_control,none (two authorised masters remain running),TRUE,runs/20260912_streamtest_control_retry/events.log,874,SUPERSEDED_RULE_V1_NOT_FROZEN_V3,SUPERSEDED_RULE_V1_NOT_FROZEN_V3,0,0,STRUCTURAL_VALIDATION_REQUIRED_SEPARATELY,NOT_ESTABLISHED,NOT_APPLICABLE,NONE,NONE,NOT_ESTABLISHED,EVALUATED_UNDER_SUPERSEDED_V1_RULE,9991cd62ec3e48a1f9e57f210a369f736e3ea38bd45d8b9f965fbf315c96957e,NOT_REHASHED_BY_THIS_EVALUATION,STREAMING_PROTOCOL_V1_FRESH_EVALUATION.json
v1:20260912_streamtest_source_stop_retry,v1_streamtest,20260912_streamtest_source_stop_retry,runs/20260912_streamtest_source_stop_retry,EMPIRICAL_SOFTWARE_TESTBED,authorized_source_change_intervention,none (preferred master process terminated mid-run),TRUE,runs/20260912_streamtest_source_stop_retry/events.log,1334,SUPERSEDED_RULE_V1_NOT_FROZEN_V3,SUPERSEDED_RULE_V1_NOT_FROZEN_V3,0,1,STRUCTURAL_VALIDATION_REQUIRED_SEPARATELY,NOT_ESTABLISHED,NOT_APPLICABLE,NONE,NONE,NOT_ESTABLISHED,EVALUATED_UNDER_SUPERSEDED_V1_RULE,db5b88a323eeb30f54e4c870a69645eba7b344643d43386917d27a7d6b55fe56,NOT_REHASHED_BY_THIS_EVALUATION,STREAMING_PROTOCOL_V1_FRESH_EVALUATION.json
v2:20260913_v2_b1,v2_repeated,20260913_v2_b1,runs/20260913_v2_b1,EMPIRICAL_SOFTWARE_TESTBED,baseline_control,none (no qdisc impairment),TRUE,runs/20260913_v2_b1/events.log,608,SUPERSEDED_RULE_V2_NOT_FROZEN_V3,SUPERSEDED_RULE_V2_NOT_FROZEN_V3,8,0,NOT_REPORTED_BY_THIS_EVALUATION,NOT_ESTABLISHED,NOT_APPLICABLE,NONE,NONE,NOT_ESTABLISHED,EVALUATED_UNDER_SUPERSEDED_V2_RULE,5bab6ec013837ff758bf46df060057d905995a3e9779bb6e3c0e47d02e17cb31,NOT_REHASHED_BY_THIS_EVALUATION,V2_REPEATED_EVALUATION.json
v2:20260913_v2_b2,v2_repeated,20260913_v2_b2,runs/20260913_v2_b2,EMPIRICAL_SOFTWARE_TESTBED,baseline_control,none (no qdisc impairment),TRUE,runs/20260913_v2_b2/events.log,644,SUPERSEDED_RULE_V2_NOT_FROZEN_V3,SUPERSEDED_RULE_V2_NOT_FROZEN_V3,0,0,NOT_REPORTED_BY_THIS_EVALUATION,NOT_ESTABLISHED,NOT_APPLICABLE,NONE,NONE,NOT_ESTABLISHED,EVALUATED_UNDER_SUPERSEDED_V2_RULE,5ca1fa87152e37834b67e09a03fa5b2b77634768fab0a8eac95d3b36916a1383,NOT_REHASHED_BY_THIS_EVALUATION,V2_REPEATED_EVALUATION.json
v2:20260913_v2_b3,v2_repeated,20260913_v2_b3,runs/20260913_v2_b3,EMPIRICAL_SOFTWARE_TESTBED,baseline_control,none (no qdisc impairment),TRUE,runs/20260913_v2_b3/events.log,629,SUPERSEDED_RULE_V2_NOT_FROZEN_V3,SUPERSEDED_RULE_V2_NOT_FROZEN_V3,0,0,NOT_REPORTED_BY_THIS_EVALUATION,NOT_ESTABLISHED,NOT_APPLICABLE,NONE,NONE,NOT_ESTABLISHED,EVALUATED_UNDER_SUPERSEDED_V2_RULE,4fc8455c8a6de26f96907a9f4654d67f4f178ea95292c217ac1533b9c1818d35,NOT_REHASHED_BY_THIS_EVALUATION,V2_REPEATED_EVALUATION.json
v2:20260913_v2_n1,v2_repeated,20260913_v2_n1,runs/20260913_v2_n1,EMPIRICAL_SOFTWARE_TESTBED,netem_delay_jitter_loss,tc netem delay 1000us 200us distribution normal loss 1%,TRUE,runs/20260913_v2_n1/events.log,640,SUPERSEDED_RULE_V2_NOT_FROZEN_V3,SUPERSEDED_RULE_V2_NOT_FROZEN_V3,57,0,NOT_REPORTED_BY_THIS_EVALUATION,NOT_ESTABLISHED,NOT_APPLICABLE,NONE,NONE,NOT_ESTABLISHED,EVALUATED_UNDER_SUPERSEDED_V2_RULE,32ba0e50c456dcd2856abd3f911330ed1535d2e7aadd29c17d36285a256feae3,NOT_REHASHED_BY_THIS_EVALUATION,V2_REPEATED_EVALUATION.json
v2:20260913_v2_n2,v2_repeated,20260913_v2_n2,runs/20260913_v2_n2,EMPIRICAL_SOFTWARE_TESTBED,netem_delay_jitter_loss,tc netem delay 1000us 200us distribution normal loss 1%,TRUE,runs/20260913_v2_n2/events.log,630,SUPERSEDED_RULE_V2_NOT_FROZEN_V3,SUPERSEDED_RULE_V2_NOT_FROZEN_V3,56,0,NOT_REPORTED_BY_THIS_EVALUATION,NOT_ESTABLISHED,NOT_APPLICABLE,NONE,NONE,NOT_ESTABLISHED,EVALUATED_UNDER_SUPERSEDED_V2_RULE,4898dd14c1fc9756a3b966b5e3f2eb2064c61af8162a68c632c72715a32555ed,NOT_REHASHED_BY_THIS_EVALUATION,V2_REPEATED_EVALUATION.json
v2:20260913_v2_n3,v2_repeated,20260913_v2_n3,runs/20260913_v2_n3,EMPIRICAL_SOFTWARE_TESTBED,netem_delay_jitter_loss,tc netem delay 1000us 200us distribution normal loss 1%,TRUE,runs/20260913_v2_n3/events.log,622,SUPERSEDED_RULE_V2_NOT_FROZEN_V3,SUPERSEDED_RULE_V2_NOT_FROZEN_V3,52,0,NOT_REPORTED_BY_THIS_EVALUATION,NOT_ESTABLISHED,NOT_APPLICABLE,NONE,NONE,NOT_ESTABLISHED,EVALUATED_UNDER_SUPERSEDED_V2_RULE,3e4fe70fe4e49ae50b5dd181eb8a13ac0e756921f00efe22f682477303a24976,NOT_REHASHED_BY_THIS_EVALUATION,V2_REPEATED_EVALUATION.json
v2:20260913_v2_c1,v2_repeated,20260913_v2_c1,runs/20260913_v2_c1,EMPIRICAL_SOFTWARE_TESTBED,authorized_source_change_no_action_control,none (two authorised masters remain running),TRUE,runs/20260913_v2_c1/events.log,612,SUPERSEDED_RULE_V2_NOT_FROZEN_V3,SUPERSEDED_RULE_V2_NOT_FROZEN_V3,0,0,NOT_REPORTED_BY_THIS_EVALUATION,NOT_ESTABLISHED,NOT_APPLICABLE,NONE,NONE,NOT_ESTABLISHED,EVALUATED_UNDER_SUPERSEDED_V2_RULE,ac39610f94113d54a25a4964f4b014da5de2e3cc3ffa4b9bf05b04d73d682968,NOT_REHASHED_BY_THIS_EVALUATION,V2_REPEATED_EVALUATION.json
v2:20260913_v2_c2_retry,v2_repeated,20260913_v2_c2_retry,runs/20260913_v2_c2_retry,EMPIRICAL_SOFTWARE_TESTBED,authorized_source_change_no_action_control,none (two authorised masters remain running),TRUE,runs/20260913_v2_c2_retry/events.log,642,SUPERSEDED_RULE_V2_NOT_FROZEN_V3,SUPERSEDED_RULE_V2_NOT_FROZEN_V3,1,0,NOT_REPORTED_BY_THIS_EVALUATION,NOT_ESTABLISHED,NOT_APPLICABLE,NONE,NONE,NOT_ESTABLISHED,EVALUATED_UNDER_SUPERSEDED_V2_RULE,fe945b216f887af2d21eb211acde3da014b432d643c0463dc6f5af8512dd2ee9,NOT_REHASHED_BY_THIS_EVALUATION,V2_REPEATED_EVALUATION.json
v2:20260913_v2_c3,v2_repeated,20260913_v2_c3,runs/20260913_v2_c3,EMPIRICAL_SOFTWARE_TESTBED,authorized_source_change_no_action_control,none (two authorised masters remain running),TRUE,runs/20260913_v2_c3/events.log,621,SUPERSEDED_RULE_V2_NOT_FROZEN_V3,SUPERSEDED_RULE_V2_NOT_FROZEN_V3,8,0,NOT_REPORTED_BY_THIS_EVALUATION,NOT_ESTABLISHED,NOT_APPLICABLE,NONE,NONE,NOT_ESTABLISHED,EVALUATED_UNDER_SUPERSEDED_V2_RULE,07ca725f6cf437f4073e67525070a0efedca0f346fd36576de4271b524767e00,NOT_REHASHED_BY_THIS_EVALUATION,V2_REPEATED_EVALUATION.json
v2:20260913_v2_s1_retry,v2_repeated,20260913_v2_s1_retry,runs/20260913_v2_s1_retry,EMPIRICAL_SOFTWARE_TESTBED,authorized_source_change_intervention,none (preferred master process terminated mid-run),TRUE,runs/20260913_v2_s1_retry/events.log,924,SUPERSEDED_RULE_V2_NOT_FROZEN_V3,SUPERSEDED_RULE_V2_NOT_FROZEN_V3,6,1,NOT_REPORTED_BY_THIS_EVALUATION,NOT_ESTABLISHED,NOT_APPLICABLE,NONE,NONE,NOT_ESTABLISHED,EVALUATED_UNDER_SUPERSEDED_V2_RULE,6a7bc76ce539f8ec95712b419c98ed5b7cd3a9c1559bb2e78367aee211d531c3,NOT_REHASHED_BY_THIS_EVALUATION,V2_REPEATED_EVALUATION.json
v2:20260913_v2_s2,v2_repeated,20260913_v2_s2,runs/20260913_v2_s2,EMPIRICAL_SOFTWARE_TESTBED,authorized_source_change_intervention,none (preferred master process terminated mid-run),TRUE,runs/20260913_v2_s2/events.log,920,SUPERSEDED_RULE_V2_NOT_FROZEN_V3,SUPERSEDED_RULE_V2_NOT_FROZEN_V3,0,1,NOT_REPORTED_BY_THIS_EVALUATION,NOT_ESTABLISHED,NOT_APPLICABLE,NONE,NONE,NOT_ESTABLISHED,EVALUATED_UNDER_SUPERSEDED_V2_RULE,a30196e4a523317f9c55c54ea72749a2b3d774b51577f4889dc93ed03b4a5c2e,NOT_REHASHED_BY_THIS_EVALUATION,V2_REPEATED_EVALUATION.json
v2:20260913_v2_s3,v2_repeated,20260913_v2_s3,runs/20260913_v2_s3,EMPIRICAL_SOFTWARE_TESTBED,authorized_source_change_intervention,none (preferred master process terminated mid-run),TRUE,runs/20260913_v2_s3/events.log,892,SUPERSEDED_RULE_V2_NOT_FROZEN_V3,SUPERSEDED_RULE_V2_NOT_FROZEN_V3,0,1,NOT_REPORTED_BY_THIS_EVALUATION,NOT_ESTABLISHED,NOT_APPLICABLE,NONE,NONE,NOT_ESTABLISHED,EVALUATED_UNDER_SUPERSEDED_V2_RULE,e904f40952b92fdd645c99c5e52bed0e8f1e43c60eb82fb0e91360b82d7fdc44,NOT_REHASHED_BY_THIS_EVALUATION,V2_REPEATED_EVALUATION.json
preserved:20260912_streamtest_control,preserved_attempts,20260912_streamtest_control,runs/20260912_streamtest_control,EMPIRICAL_SOFTWARE_TESTBED,SEE_RUN_DIRECTORY_EVENTS_LOG,SEE_RUN_DIRECTORY_EVENTS_LOG,UNVERIFIED,runs/20260912_streamtest_control/events.log,NOT_EVALUATED,NOT_EVALUATED,NOT_EVALUATED,NOT_EVALUATED,NOT_EVALUATED,NOT_EVALUATED,NOT_ESTABLISHED,NOT_APPLICABLE,NONE,NONE,NOT_ESTABLISHED,PRESERVED_ATTEMPT_NO_EVALUATION_RECORD,29700a9485cf6203ddbc92d4b1dc99fda7eeeb26a3c22a6fc88b88406d1adc87,NOT_REHASHED,"filesystem sweep; retained for provenance, excluded from all results"
preserved:20260912_streamtest_source_stop,preserved_attempts,20260912_streamtest_source_stop,runs/20260912_streamtest_source_stop,EMPIRICAL_SOFTWARE_TESTBED,SEE_RUN_DIRECTORY_EVENTS_LOG,SEE_RUN_DIRECTORY_EVENTS_LOG,UNVERIFIED,runs/20260912_streamtest_source_stop/events.log,NOT_EVALUATED,NOT_EVALUATED,NOT_EVALUATED,NOT_EVALUATED,NOT_EVALUATED,NOT_EVALUATED,NOT_ESTABLISHED,NOT_APPLICABLE,NONE,NONE,NOT_ESTABLISHED,PRESERVED_ATTEMPT_NO_EVALUATION_RECORD,1b866a630dcf909a4767d6d67e12ba43d96ae7dc0778c453e6ba154c323acfe6,NOT_REHASHED,"filesystem sweep; retained for provenance, excluded from all results"
preserved:20260913_v2_c2,preserved_attempts,20260913_v2_c2,runs/20260913_v2_c2,EMPIRICAL_SOFTWARE_TESTBED,SEE_RUN_DIRECTORY_EVENTS_LOG,SEE_RUN_DIRECTORY_EVENTS_LOG,UNVERIFIED,runs/20260913_v2_c2/events.log,NOT_EVALUATED,NOT_EVALUATED,NOT_EVALUATED,NOT_EVALUATED,NOT_EVALUATED,NOT_EVALUATED,NOT_ESTABLISHED,NOT_APPLICABLE,NONE,NONE,NOT_ESTABLISHED,EXCLUDED_PARTIAL_ATTEMPT_DECLARED_IN_V2_EVALUATION,d311d32c33758fb897467a68aaa8c7283e6651c8b6b6a7b98ec37eb2320cf4e6,NOT_REHASHED,"filesystem sweep; retained for provenance, excluded from all results"
preserved:20260913_v2_s1,preserved_attempts,20260913_v2_s1,runs/20260913_v2_s1,EMPIRICAL_SOFTWARE_TESTBED,SEE_RUN_DIRECTORY_EVENTS_LOG,SEE_RUN_DIRECTORY_EVENTS_LOG,UNVERIFIED,runs/20260913_v2_s1/events.log,NOT_EVALUATED,NOT_EVALUATED,NOT_EVALUATED,NOT_EVALUATED,NOT_EVALUATED,NOT_EVALUATED,NOT_ESTABLISHED,NOT_APPLICABLE,NONE,NONE,NOT_ESTABLISHED,EXCLUDED_PARTIAL_ATTEMPT_DECLARED_IN_V2_EVALUATION,3a48e884ddd6001ae1b8a4b495808541b149b43887196e89e2c1c0628f79a9ee,NOT_REHASHED,"filesystem sweep; retained for provenance, excluded from all results"
