deleted_at_utc,location,path,bytes,sha256
2026-10-04T19:07:58+00:00,Downloads,Downloads/~$ORAN_PRISM_Review_2.pptx,165,1176a0c9b71c5a4992774717d673027786db7e377e3d40a8a0606853e63afeb5
2026-10-04T19:07:58+00:00,Downloads,Downloads/ORAN_PRISM_Review.pptx,1180084,8b95f2dc6fbf6b63dc1aec80c33cb0997c2272df09c3badaa8b7f52a7bf2bb10
2026-10-04T19:07:58+00:00,Downloads,Downloads/ORAN_PRISM_Review_1.pptx,1180084,8b95f2dc6fbf6b63dc1aec80c33cb0997c2272df09c3badaa8b7f52a7bf2bb10
2026-10-04T19:07:58+00:00,Downloads,Downloads/ORAN_PRISM_Review_2.pptx,1195344,fd69c46a2cfec500a40767ca392b3801090ae57c2c80643b5e2cd0296fc2c535
2026-10-04T19:07:58+00:00,Downloads,Downloads/ORAN_SPlane_PRISM_Review.pptx,1161425,54a5f8006e4eeff2ee65326ab220a20ca5840327104d58a8674f59411a7e246e
2026-10-04T19:07:58+00:00,Downloads,Downloads/ORAN_SPlane_PRISM_Review_1.pptx,1161425,54a5f8006e4eeff2ee65326ab220a20ca5840327104d58a8674f59411a7e246e
2026-10-04T19:07:58+00:00,Downloads,Downloads/ORAN_SPlane_PRISM_Review_v4.pptx,609450,df7f32939b27188207eb98846daa3f5d6890ba37419b68a48c481b6f1837d4ab
2026-10-04T19:07:58+00:00,Downloads,Downloads/ORAN_SPlane_PRISM_Review_v6.pptx,652023,93203379311a261765631f7ffef2f1402ad11db391322c03115f699511f8a573
2026-10-04T19:07:58+00:00,Downloads,Downloads/ORAN_SPlane_PRISM_Review_v7.pptx,656011,d146ddf2cd14b71e7d372f0ed31cd0bad1d6820621cfe165339084ac74d71562
2026-10-04T19:07:58+00:00,AI-Native,02_PREVIOUS_Work/gen1_RRC_PPO/oran_self_healing/outputs/ppt/ORAN_Self_Healing_Presentation.pptx,491106,284729338f75caec2882fa758485334e0a8ad87c373e85f3afb380e85c576bb4
2026-10-04T19:07:58+00:00,AI-Native,02_PREVIOUS_Work/gen1_RRC_PPO/oran_self_healing/outputs/ppt/ORAN_Self_Healing_Presentation_v2.pptx,495563,af0b8ed1866ed88ebdc510ccf97154afb182957b1c588359b03668ca850e4083
2026-10-04T19:07:58+00:00,AI-Native,02_PREVIOUS_Work/gen1_RRC_PPO/oran_self_healing/outputs/ppt/ORAN_Testbed_DeepDive.pptx,584631,5ac7cebe7320ee2836fd572dfcccd0d1e21c9cc8396b09b21c8f298ddd627c3c
2026-10-04T19:07:58+00:00,AI-Native,02_PREVIOUS_Work/gen2_KPM_FlexRIC_twin/AI_Native_Self_Healing_with_Raghu_dataset_conclusion.pptx,8608521,6ab150d02fc068e52c320e1c4122a5aebebbc5524fbf56a0666e38123709897d
2026-10-04T19:07:58+00:00,AI-Native,02_PREVIOUS_Work/gen2_KPM_FlexRIC_twin/AI_Native_Self_Healing_with_Raghu_opening_slides.pptx,7582244,4f7d4735585bafab8e49ed7a469f8d2635e9a2dd9520ac3718e167aa35a3eaf9
2026-10-04T19:07:58+00:00,AI-Native,02_PREVIOUS_Work/gen2_KPM_FlexRIC_twin/Raghu_1.pptx,2929487,4942d541f2e2e2119935d850d7124fe5d090a78820f2d49bed0956ceefacbfb4
2026-10-04T19:07:58+00:00,AI-Native,02_PREVIOUS_Work/gen2_KPM_FlexRIC_twin/Raghu_2.pptx,272594,739628d50d1d1026f9fdbd9d1e023a4de626670e24e560b6face12908d15cedb
2026-10-04T19:07:58+00:00,AI-Native,02_PREVIOUS_Work/gen2_KPM_FlexRIC_twin/outputs/EXPERT_SHOW_FIRST_PACK_2026-06-17/01_show_first/01_FINAL_PRESENTATION.pptx,438713,0c52dcef92500023ec1fccad1d292e3ac06c0d10040aaa68730563b116a042a1
2026-10-04T19:07:58+00:00,AI-Native,02_PREVIOUS_Work/gen2_KPM_FlexRIC_twin/outputs/EXPERT_SHOW_FIRST_PACK_2026-06-17_SYNC_FIXED/01_show_first/01_FINAL_PRESENTATION.pptx,3018286,759e418a9c8d98562553677f686eb380f80074ac47b882293d14a453f04fbd91
2026-10-04T19:07:58+00:00,AI-Native,02_PREVIOUS_Work/gen2_KPM_FlexRIC_twin/outputs/EXPERT_SHOW_FIRST_PACK_2026-06-17_SYNC_FIXED/02_backup_if_asked/11_COMPLETE_WORKFLOW_AND_DATASET_REQUIREMENTS_STANDALONE_BACKUP.pptx,105593,5822adac507b4c54f92532cd817ceafd82fc89bbdc7a13604d633da44f8f2ec6
2026-10-04T19:07:58+00:00,AI-Native,02_PREVIOUS_Work/gen2_KPM_FlexRIC_twin/outputs/presentations/O-RAN_AI_Native_Complete_Workflow_and_Dataset_Requirements.pptx,105593,5822adac507b4c54f92532cd817ceafd82fc89bbdc7a13604d633da44f8f2ec6
2026-10-04T19:07:58+00:00,AI-Native,02_PREVIOUS_Work/gen2_KPM_FlexRIC_twin/outputs/presentations/O-RAN_AI_Native_Self_Healing_Final_Expert_Review.pptx,836718,728e2f17060544cd65846be1c53195b2c7cf5ec1878939773bcfca03c11cb3f8
2026-10-04T19:07:58+00:00,AI-Native,02_PREVIOUS_Work/gen2_KPM_FlexRIC_twin/outputs/presentations/O-RAN_AI_Native_Self_Healing_Final_Expert_Review_COMBINED.pptx,3018286,759e418a9c8d98562553677f686eb380f80074ac47b882293d14a453f04fbd91
2026-10-04T19:07:58+00:00,AI-Native,02_PREVIOUS_Work/gen2_KPM_FlexRIC_twin/outputs/presentations/O-RAN_AI_Native_Self_Healing_Final_Expert_Review_with_methodology_slides.pptx,836718,728e2f17060544cd65846be1c53195b2c7cf5ec1878939773bcfca03c11cb3f8
2026-10-04T19:07:58+00:00,AI-Native,99_ARCHIVE_OLDER_AND_SUPERSEDED/build_scratch/codex-finalizer/ORAN_SPlane_PRISM_Review_v2_candidate.pptx,602467,46b55eb285cdb78935f7ab5246e17a363a1664f07b1d5f2116946b4f2e9eed42
2026-10-04T19:07:58+00:00,AI-Native,99_ARCHIVE_OLDER_AND_SUPERSEDED/build_scratch/codex-finalizer/ORAN_SPlane_PRISM_Review_v3_candidate.pptx,609333,7e305244113deb7734737911dff2490985394275561f31bf4f0a9ee112786956
2026-10-04T19:07:58+00:00,AI-Native,99_ARCHIVE_OLDER_AND_SUPERSEDED/build_scratch/codex-finalizer/ORAN_SPlane_PRISM_Review_v4_candidate.pptx,609450,df7f32939b27188207eb98846daa3f5d6890ba37419b68a48c481b6f1837d4ab
2026-10-04T19:07:58+00:00,AI-Native,99_ARCHIVE_OLDER_AND_SUPERSEDED/build_scratch/codex-finalizer/ORAN_SPlane_PRISM_Review_v5_candidate.pptx,615552,7d3c8949bb8eb6268f13dcf8b68b5f8fc23d1eb03e653e058d46b443bcaecb37
2026-10-04T19:07:58+00:00,AI-Native,99_ARCHIVE_OLDER_AND_SUPERSEDED/build_scratch/codex-finalizer-v6/ORAN_SPlane_PRISM_Review_v6_candidate.pptx,637636,9ae9dcbe56a28320db11d84556111f16455296cc961365c42d183bda7e094b3b
2026-10-04T19:07:58+00:00,AI-Native,99_ARCHIVE_OLDER_AND_SUPERSEDED/decks_superseded/ORAN_PRISM_Review_2026-08-17.pptx,1195344,fd69c46a2cfec500a40767ca392b3801090ae57c2c80643b5e2cd0296fc2c535
2026-10-04T19:07:58+00:00,AI-Native,99_ARCHIVE_OLDER_AND_SUPERSEDED/decks_superseded/ORAN_SPlane_PRISM_Review_v1_2026-09-21.pptx,1161425,54a5f8006e4eeff2ee65326ab220a20ca5840327104d58a8674f59411a7e246e
2026-10-04T19:07:58+00:00,AI-Native,99_ARCHIVE_OLDER_AND_SUPERSEDED/decks_superseded/ORAN_SPlane_PRISM_Review_v1_duplicate.pptx,1161425,54a5f8006e4eeff2ee65326ab220a20ca5840327104d58a8674f59411a7e246e
2026-10-04T19:07:58+00:00,AI-Native,99_ARCHIVE_OLDER_AND_SUPERSEDED/decks_superseded/ORAN_SPlane_PRISM_Review_v2.pptx,616211,2ada5bcf36054b4d0ac0a0efcb3c58d6fab73675582c606dd6c0d1a4dd7518df
2026-10-04T19:07:58+00:00,AI-Native,99_ARCHIVE_OLDER_AND_SUPERSEDED/decks_superseded/ORAN_SPlane_PRISM_Review_v3.pptx,609333,7e305244113deb7734737911dff2490985394275561f31bf4f0a9ee112786956
2026-10-04T19:07:58+00:00,AI-Native,99_ARCHIVE_OLDER_AND_SUPERSEDED/decks_superseded/ORAN_SPlane_PRISM_Review_v4.pptx,609450,df7f32939b27188207eb98846daa3f5d6890ba37419b68a48c481b6f1837d4ab
2026-10-04T19:07:58+00:00,AI-Native,99_ARCHIVE_OLDER_AND_SUPERSEDED/decks_superseded/ORAN_SPlane_PRISM_Review_v5.pptx,615552,7d3c8949bb8eb6268f13dcf8b68b5f8fc23d1eb03e653e058d46b443bcaecb37
2026-10-04T19:07:58+00:00,AI-Native,99_ARCHIVE_OLDER_AND_SUPERSEDED/decks_superseded/ORAN_SPlane_PRISM_Review_v6.pptx,652023,93203379311a261765631f7ffef2f1402ad11db391322c03115f699511f8a573
2026-10-04T19:07:58+00:00,AI-Native,99_ARCHIVE_OLDER_AND_SUPERSEDED/decks_superseded/ORAN_SPlane_PRISM_Review_v7_FINAL_pre-PowerPoint-resave_0641.pptx,1754384,522ae86ca2d40f62a44a974ec3af54588f1b17dbf9a1c10fde69533d94516cb9
2026-10-04T19:07:58+00:00,AI-Native,99_ARCHIVE_OLDER_AND_SUPERSEDED/decks_superseded/july_2026_proposal_era_deliverables/ORAN_SPlane_SelfHealing_Presentation.pptx,407092,bf34380102e91c4108a60be1eda9a14ec8ec9100a3ec84bfb04a7fb47f141924
2026-10-04T19:07:58+00:00,AI-Native,99_ARCHIVE_OLDER_AND_SUPERSEDED/decks_superseded/july_2026_proposal_era_deliverables/Project_FullReview_Presentation.pptx,104381,04ca0426dff590a899abf3811237c96caca335152b9fe4b76052fb65b134b6ab
2026-10-04T19:07:58+00:00,AI-Native,99_ARCHIVE_OLDER_AND_SUPERSEDED/decks_superseded/july_2026_proposal_era_deliverables/Project_FullReview_Presentation_v2.pptx,111938,2e0f69084c2599d7ef117d73549c7a9de9b057fb7c79a21fcba84de3b21a9ea4
2026-10-04T19:07:58+00:00,AI-Native,99_ARCHIVE_OLDER_AND_SUPERSEDED/earlier_cleanup_2026-09-21/previously_flagged/_TO_DELETE_recommended/_GARBAGE/duplicates/AI_Native_Self_Healing_with_Raghu_dataset_conclusion [Auto-saved].pptx,8373829,f556e605d2d4b45b53eab1b0efff8b5c81b9a2773c3c32545c3c08d914be186b
2026-10-04T19:07:58+00:00,AI-Native,99_ARCHIVE_OLDER_AND_SUPERSEDED/earlier_cleanup_2026-09-21/previously_flagged/_TO_DELETE_recommended/_GARBAGE/old_direction/_local_quarantine/presentation_artifacts/literature-survey__AI_Native_ORAN_Digital_Twin_Project_Status.pptx,267144,9d53a54bc05d47582863327043e2c333e1ddf2512994273917525b8fc61a88ed
2026-10-04T19:07:58+00:00,AI-Native,99_ARCHIVE_OLDER_AND_SUPERSEDED/earlier_cleanup_2026-09-21/previously_flagged/_TO_DELETE_recommended/_GARBAGE/old_direction/_local_quarantine/presentation_artifacts/outputs__presentations__O-RAN_AI_Native_Self_Healing_Combined_Team_and_Methodology.pptx,3729840,bd74573e391040197c984598999626bdba44b53ca26b7cf62f7916231cfb6a0b
2026-10-04T19:07:58+00:00,AI-Native,99_ARCHIVE_OLDER_AND_SUPERSEDED/earlier_cleanup_2026-09-21/previously_flagged/_TO_DELETE_recommended/_GARBAGE/old_direction/_local_quarantine/presentation_artifacts/outputs__presentations__O-RAN_AI_Native_Self_Healing_Final.pptx,3729840,bd74573e391040197c984598999626bdba44b53ca26b7cf62f7916231cfb6a0b
2026-10-04T19:07:58+00:00,AI-Native,99_ARCHIVE_OLDER_AND_SUPERSEDED/earlier_cleanup_2026-09-21/previously_flagged/_TO_DELETE_recommended/_GARBAGE/old_direction/_local_quarantine/presentation_artifacts/outputs__presentations__O-RAN_AI_Native_Self_Healing_Presentation.pptx,3729840,bd74573e391040197c984598999626bdba44b53ca26b7cf62f7916231cfb6a0b
2026-10-04T19:07:58+00:00,AI-Native,99_ARCHIVE_OLDER_AND_SUPERSEDED/earlier_cleanup_2026-09-21/previously_flagged/_TO_DELETE_recommended/_GARBAGE/old_direction/_local_quarantine/presentation_artifacts/outputs__presentations__O-RAN_Digital_Twin_Complete_Technical_Methodology_Fixed.pptx,1785183,2025c01ccddfef1bd629d728ffe256ce87751571661d9510f42f99c544c7c14d
2026-10-04T19:07:58+00:00,AI-Native,99_ARCHIVE_OLDER_AND_SUPERSEDED/earlier_cleanup_2026-09-21/previously_flagged/_TO_DELETE_recommended/_GARBAGE/old_direction/_local_quarantine/presentation_artifacts/outputs__presentations__O-RAN_Digital_Twin_Plain_Paper_Implementation_Deck.pptx,706033,c2d3fd36746e4d5e5878f5a1221ae916a49f82a866dd2402664afc5e74d9312b
2026-10-04T19:07:58+00:00,AI-Native,99_ARCHIVE_OLDER_AND_SUPERSEDED/earlier_cleanup_2026-09-21/previously_flagged/_TO_DELETE_recommended/_GARBAGE/old_direction/_local_quarantine/release_cleanup_2026-06-16/outputs/presentations/O-RAN_AI_Native_Self_Healing_Expert_Final_Corrected.pptx,438727,3bb813f04e3939ee88fe4b36b4bbd58607e8549ab375be559718d66c3ba469d2
2026-10-04T19:07:58+00:00,AI-Native,99_ARCHIVE_OLDER_AND_SUPERSEDED/earlier_cleanup_2026-09-21/previously_flagged/_TO_DELETE_recommended/_GARBAGE/old_direction/_local_quarantine/release_cleanup_2026-06-16/outputs/presentations/O-RAN_AI_Native_Self_Healing_Expert_Final_Updated.pptx,438726,a7d2c5b3a422a9ccf3b58c183d936fa48cdf93b3a045044ccf30adf3b5178ce1
2026-10-04T19:07:58+00:00,AI-Native,99_ARCHIVE_OLDER_AND_SUPERSEDED/earlier_cleanup_2026-09-21/previously_flagged/_TO_DELETE_recommended/_GARBAGE/old_direction/_local_quarantine/root_artifacts/O-RAN_AI_Native_Self_Healing_Final.pptx,3729840,bd74573e391040197c984598999626bdba44b53ca26b7cf62f7916231cfb6a0b
2026-10-04T19:07:58+00:00,AI-Native,99_ARCHIVE_OLDER_AND_SUPERSEDED/earlier_cleanup_2026-09-21/previously_flagged/_TO_DELETE_recommended/_GARBAGE/old_direction/_local_quarantine/root_artifacts/O-RAN_AI_Native_Self_Healing_Presentation.pptx,3729840,bd74573e391040197c984598999626bdba44b53ca26b7cf62f7916231cfb6a0b
2026-10-04T19:07:58+00:00,AI-Native,99_ARCHIVE_OLDER_AND_SUPERSEDED/earlier_cleanup_2026-09-21/previously_flagged/_TO_DELETE_recommended/_GARBAGE/old_direction/_local_quarantine/root_artifacts/ORAN_SelfHealing_Presentation.pptx,332994,42aaa799f32d6930a48c6b722bd05b8f74ed1bfbfd78fa53cff2d8bb96f139ad
2026-10-04T19:07:58+00:00,AI-Native,"99_ARCHIVE_OLDER_AND_SUPERSEDED/earlier_cleanup_2026-09-21/previously_flagged/_TO_DELETE_recommended/_GARBAGE/old_direction/_local_quarantine/root_artifacts/Paper O-RAN xApps Survey and Research Challenges (Computer Networks, Elsevier, 2025) Keywords xApps Near-RT RIC Traffic Steering Load Balancing Network Slicing AIML What We Learned This paper exp.pptx",1762123,5f9ad8330943ef3bab667cc1abcd613c34634e0d0ca8596824319f118daa77ab
