moved_at_utc,original_path,new_path,reason
2026-10-04T03:12:06+00:00,01_CURRENT_SPlane_SelfHealing/deliverables,99_ARCHIVE_OLDER_AND_SUPERSEDED/decks_superseded/july_2026_proposal_era_deliverables,July 2026 proposal-era decks and PDFs; superseded by the September decks
2026-10-04T03:12:06+00:00,01_CURRENT_SPlane_SelfHealing/oran_splane_selfhealing/.codex_tmp,99_ARCHIVE_OLDER_AND_SUPERSEDED/build_scratch/code_tree_test_temp/codex_tmp,Leftover pytest/codex temporary folder (gitignored or empty); not referenced by code
2026-10-04T03:12:06+00:00,01_CURRENT_SPlane_SelfHealing/oran_splane_selfhealing/.codex_tmp_consistency,99_ARCHIVE_OLDER_AND_SUPERSEDED/build_scratch/code_tree_test_temp/codex_tmp_consistency,Leftover pytest/codex temporary folder (gitignored or empty); not referenced by code
2026-10-04T03:12:06+00:00,01_CURRENT_SPlane_SelfHealing/oran_splane_selfhealing/.pytest_basetemp_direct_1,99_ARCHIVE_OLDER_AND_SUPERSEDED/build_scratch/code_tree_test_temp/pytest_basetemp_direct_1,Leftover pytest/codex temporary folder (gitignored or empty); not referenced by code
2026-10-04T03:12:06+00:00,01_CURRENT_SPlane_SelfHealing/oran_splane_selfhealing/.pytest_ml_vs_rule_20260921,99_ARCHIVE_OLDER_AND_SUPERSEDED/build_scratch/code_tree_test_temp/pytest_ml_vs_rule_20260921,Leftover pytest/codex temporary folder (gitignored or empty); not referenced by code
2026-10-04T03:12:06+00:00,01_CURRENT_SPlane_SelfHealing/oran_splane_selfhealing/.pytest_step1_20260816,99_ARCHIVE_OLDER_AND_SUPERSEDED/build_scratch/code_tree_test_temp/pytest_step1_20260816,Leftover pytest/codex temporary folder (gitignored or empty); not referenced by code
2026-10-04T03:12:06+00:00,01_CURRENT_SPlane_SelfHealing/oran_splane_selfhealing/.pytest_step1_harness_20260816,99_ARCHIVE_OLDER_AND_SUPERSEDED/build_scratch/code_tree_test_temp/pytest_step1_harness_20260816,Leftover pytest/codex temporary folder (gitignored or empty); not referenced by code
2026-10-04T03:12:06+00:00,01_CURRENT_SPlane_SelfHealing/oran_splane_selfhealing/.pytest_step1_modefix3,99_ARCHIVE_OLDER_AND_SUPERSEDED/build_scratch/code_tree_test_temp/pytest_step1_modefix3,Leftover pytest/codex temporary folder (gitignored or empty); not referenced by code
2026-10-04T03:12:06+00:00,01_CURRENT_SPlane_SelfHealing/oran_splane_selfhealing/.pytest_step1_phase1_fix_full,99_ARCHIVE_OLDER_AND_SUPERSEDED/build_scratch/code_tree_test_temp/pytest_step1_phase1_fix_full,Leftover pytest/codex temporary folder (gitignored or empty); not referenced by code
2026-10-04T03:12:06+00:00,01_CURRENT_SPlane_SelfHealing/oran_splane_selfhealing/.pytest_step1_phase1_fix_unit,99_ARCHIVE_OLDER_AND_SUPERSEDED/build_scratch/code_tree_test_temp/pytest_step1_phase1_fix_unit,Leftover pytest/codex temporary folder (gitignored or empty); not referenced by code
2026-10-04T03:12:06+00:00,01_CURRENT_SPlane_SelfHealing/oran_splane_selfhealing/.pytest_step1_phase1_unsandboxed,99_ARCHIVE_OLDER_AND_SUPERSEDED/build_scratch/code_tree_test_temp/pytest_step1_phase1_unsandboxed,Leftover pytest/codex temporary folder (gitignored or empty); not referenced by code
2026-10-04T03:12:06+00:00,01_CURRENT_SPlane_SelfHealing/oran_splane_selfhealing/.pytest_step1_precreated2,99_ARCHIVE_OLDER_AND_SUPERSEDED/build_scratch/code_tree_test_temp/pytest_step1_precreated2,Leftover pytest/codex temporary folder (gitignored or empty); not referenced by code
2026-10-04T03:12:06+00:00,01_CURRENT_SPlane_SelfHealing/oran_splane_selfhealing/pytest-cache-files-b853r43e,99_ARCHIVE_OLDER_AND_SUPERSEDED/build_scratch/code_tree_test_temp/pytest-cache-files-b853r43e,Leftover pytest/codex temporary folder (gitignored or empty); not referenced by code
2026-10-04T03:12:06+00:00,01_CURRENT_SPlane_SelfHealing/oran_splane_selfhealing/pytest-cache-files-gvoeij5t,99_ARCHIVE_OLDER_AND_SUPERSEDED/build_scratch/code_tree_test_temp/pytest-cache-files-gvoeij5t,Leftover pytest/codex temporary folder (gitignored or empty); not referenced by code
