t_s,scenario,offset_ns,measured_offset_ns,path_delay_ns,pdv_ns,freq_error_ppb,oscillator_holdover_nominal_ppb,oscillator_holdover_tolerance_ppb,oscillator_disciplined_tolerance_ppb,gnss_reference_ns,ptp_reference_ns,peer_reference_ns,source_agreement_tolerance_ns,synce_ql,ptp_seq_id,ptp_msg_type,msg_rate_hz,grandmaster_identity,grandmaster_priority1,grandmaster_clock_class,grandmaster_clock_accuracy,offset_scaled_log_variance,grandmaster_priority2,steps_removed,time_source,gnss_sync_status,satellites_tracked,gnss_available,holdover,attack_flag,fault_flag,run_id,label
0.0970634170000153,baseline,2153.0,2153.0,0.0,0.0,0.0,6.0,2.0,1.5,0.0,0.0,0.0,20.0,4,1,Sync,0.0,unknown,128,248,254,65535,128,1,160,BOOTING,-1,False,False,False,False,0,healthy
0.2972512819999906,baseline,2005.0,2005.0,0.0,0.0,0.0,6.0,2.0,1.5,0.0,0.0,0.0,20.0,4,2,Sync,29.971846695106816,unknown,128,248,254,65535,128,1,160,BOOTING,-1,False,False,False,False,0,healthy
0.49752733399998306,baseline,1510.0,1510.0,0.0,0.0,0.0,6.0,2.0,1.5,0.0,0.0,0.0,20.0,4,3,Sync,14.979324637376582,unknown,128,248,254,65535,128,1,160,BOOTING,-1,False,False,False,False,0,healthy
0.6977459160000308,baseline,2178.0,2178.0,0.0,0.0,0.0,6.0,2.0,1.5,0.0,0.0,0.0,20.0,4,4,Delay_Resp,34.961789910180926,unknown,128,248,254,65535,128,1,160,BOOTING,-1,False,False,False,False,0,healthy
0.8979697490000262,baseline,445.0,445.0,0.0,0.0,0.0,6.0,2.0,1.5,0.0,0.0,0.0,20.0,4,5,Sync,24.97205215325247,unknown,128,248,254,65535,128,1,160,BOOTING,-1,False,False,False,False,0,healthy
1.0981566909999856,baseline,2895.0,2895.0,0.0,0.0,0.0,6.0,2.0,1.5,0.0,0.0,0.0,20.0,4,6,Delay_Resp,19.98132325734219,unknown,128,248,254,65535,128,1,160,BOOTING,-1,False,False,False,False,0,healthy
1.2983403800000133,baseline,2574.0,2574.0,0.0,0.0,0.0,6.0,2.0,1.5,0.0,0.0,0.0,20.0,4,7,Sync,24.977059944176112,unknown,128,248,254,65535,128,1,160,BOOTING,-1,False,False,False,False,0,healthy
1.498434249000013,baseline,2475.0,2475.0,0.0,0.0,0.0,6.0,2.0,1.5,0.0,0.0,0.0,20.0,4,8,Delay_Resp,19.990617503627778,unknown,128,248,254,65535,128,1,160,BOOTING,-1,False,False,False,False,0,healthy
1.698600311000007,baseline,2129.0,2129.0,0.0,0.0,0.0,6.0,2.0,1.5,0.0,0.0,0.0,20.0,4,9,Sync,29.97511136528321,unknown,128,248,254,65535,128,1,160,BOOTING,-1,False,False,False,False,0,healthy
1.8987965769999846,baseline,2526.0,2526.0,0.0,0.0,0.0,6.0,2.0,1.5,0.0,0.0,0.0,20.0,4,10,Sync,29.97058896193733,unknown,128,248,254,65535,128,1,160,BOOTING,-1,False,False,False,False,0,healthy
2.0989187800000195,baseline,2276.0,2276.0,0.0,0.0,0.0,6.0,2.0,1.5,0.0,0.0,0.0,20.0,4,11,Sync,14.990840371667689,unknown,128,248,254,65535,128,1,160,BOOTING,-1,False,False,False,False,0,healthy
2.299090815999989,baseline,2128.0,2128.0,0.0,0.0,0.0,6.0,2.0,1.5,0.0,0.0,0.0,20.0,4,12,Sync,24.97851398184691,unknown,128,248,254,65535,128,1,160,BOOTING,-1,False,False,False,False,0,healthy
2.4992684939999776,baseline,1336.0,1336.0,0.0,0.0,0.0,6.0,2.0,1.5,0.0,0.0,0.0,20.0,4,13,Sync,14.986685978044816,unknown,128,248,254,65535,128,1,160,BOOTING,-1,False,False,False,False,0,healthy
2.6994523089999802,baseline,841.0,841.0,0.0,0.0,0.0,6.0,2.0,1.5,0.0,0.0,0.0,20.0,4,14,Delay_Resp,34.967861912312486,unknown,128,248,254,65535,128,1,160,BOOTING,-1,False,False,False,False,0,healthy
2.899621474000014,baseline,4032.0,4032.0,0.0,0.0,0.0,6.0,2.0,1.5,0.0,0.0,0.0,20.0,4,15,Sync,24.97887224537882,unknown,128,248,254,65535,128,1,160,BOOTING,-1,False,False,False,False,0,healthy
3.0997748010000237,baseline,4029.0,4029.0,0.0,0.0,0.0,6.0,2.0,1.5,0.0,0.0,0.0,20.0,4,16,Sync,14.988509284184204,unknown,128,248,254,65535,128,1,160,BOOTING,-1,False,False,False,False,0,healthy
3.299931990999994,baseline,1555.0,1555.0,0.0,0.0,0.0,6.0,2.0,1.5,0.0,0.0,0.0,20.0,4,17,Sync,29.976440016973104,unknown,128,248,254,65535,128,1,160,BOOTING,-1,False,False,False,False,0,healthy
3.5001158940000323,baseline,2794.0,2794.0,0.0,0.0,0.0,6.0,2.0,1.5,0.0,0.0,0.0,20.0,4,18,Delay_Resp,19.981626594618024,unknown,128,248,254,65535,128,1,160,BOOTING,-1,False,False,False,False,0,healthy
3.700384563,baseline,2886.0,2886.0,0.0,0.0,0.0,6.0,2.0,1.5,0.0,0.0,0.0,20.0,4,19,Sync,24.966461428875853,unknown,128,248,254,65535,128,1,160,BOOTING,-1,False,False,False,False,0,healthy
3.9006736030000297,baseline,2614.0,2614.0,0.0,0.0,0.0,6.0,2.0,1.5,0.0,0.0,0.0,20.0,4,20,Sync,29.956706567663968,unknown,128,248,254,65535,128,1,160,BOOTING,-1,False,False,False,False,0,healthy
4.100861585000018,baseline,1031.0,1031.0,0.0,0.0,0.0,6.0,2.0,1.5,0.0,0.0,0.0,20.0,4,21,Sync,14.985914589019492,unknown,128,248,254,65535,128,1,160,BOOTING,-1,False,False,False,False,0,healthy
4.301178169000025,baseline,1483.0,1483.0,0.0,0.0,0.0,6.0,2.0,1.5,0.0,0.0,0.0,20.0,4,22,Sync,29.95258745027224,unknown,128,248,254,65535,128,1,160,BOOTING,-1,False,False,False,False,0,healthy
4.50134986300003,baseline,2485.0,2485.0,0.0,0.0,0.0,6.0,2.0,1.5,0.0,0.0,0.0,20.0,4,23,Delay_Resp,19.982845326771816,unknown,128,248,254,65535,128,1,160,BOOTING,-1,False,False,False,False,0,healthy
4.701543970999978,baseline,2020.0,2020.0,0.0,0.0,0.0,6.0,2.0,1.5,0.0,0.0,0.0,20.0,4,24,Sync,24.975760025870947,unknown,128,248,254,65535,128,1,160,BOOTING,-1,False,False,False,False,0,healthy
4.901722199999995,baseline,2293.0,2293.0,0.0,0.0,0.0,6.0,2.0,1.5,0.0,0.0,0.0,20.0,4,25,Sync,29.973289452967965,unknown,128,248,254,65535,128,1,160,BOOTING,-1,False,False,False,False,0,healthy
5.101961870000025,baseline,1596.0,1596.0,0.0,0.0,0.0,6.0,2.0,1.5,0.0,0.0,0.0,20.0,4,26,Delay_Resp,29.964092529712463,unknown,128,248,254,65535,128,1,160,BOOTING,-1,False,False,False,False,0,healthy
5.302156663999995,baseline,2901.0,2901.0,0.0,0.0,0.0,6.0,2.0,1.5,0.0,0.0,0.0,20.0,4,27,Sync,24.975674442367172,unknown,128,248,254,65535,128,1,160,BOOTING,-1,False,False,False,False,0,healthy
5.5023276470000155,baseline,1810.0,1810.0,0.0,0.0,0.0,6.0,2.0,1.5,0.0,0.0,0.0,20.0,4,28,Delay_Resp,19.982916305104933,unknown,128,248,254,65535,128,1,160,BOOTING,-1,False,False,False,False,0,healthy
5.702520456999991,baseline,-75.0,-75.0,0.0,0.0,0.0,6.0,2.0,1.5,0.0,0.0,0.0,20.0,4,29,Sync,29.97110635492215,unknown,128,248,254,65535,128,1,160,BOOTING,-1,False,False,False,False,0,healthy
5.902892048000012,baseline,2703.0,2703.0,0.0,0.0,0.0,6.0,2.0,1.5,0.0,0.0,0.0,20.0,4,30,Sync,29.944364717847506,unknown,128,248,254,65535,128,1,160,BOOTING,-1,False,False,False,False,0,healthy
6.103069484999992,baseline,817.0,817.0,0.0,0.0,0.0,6.0,2.0,1.5,0.0,0.0,0.0,20.0,4,31,Delay_Resp,19.982272027992906,unknown,128,248,254,65535,128,1,160,BOOTING,-1,False,False,False,False,0,healthy
6.303274550000026,baseline,48674.0,48674.0,0.0,0.0,0.0,6.0,2.0,1.5,0.0,0.0,0.0,20.0,4,32,Sync,24.974393130359342,unknown,128,248,254,65535,128,1,160,BOOTING,-1,False,False,False,False,0,healthy
6.50335732100001,baseline,1165.0,1165.0,0.0,0.0,0.0,6.0,2.0,1.5,0.0,0.0,0.0,20.0,4,33,Sync,14.993794743077807,unknown,128,248,254,65535,128,1,160,BOOTING,-1,False,False,False,False,0,healthy
6.703494642999999,baseline,2256.0,2256.0,0.0,0.0,0.0,6.0,2.0,1.5,0.0,0.0,0.0,20.0,4,34,Sync,29.97941583329633,unknown,128,248,254,65535,128,1,160,BOOTING,-1,False,False,False,False,0,healthy
6.903586044000008,baseline,1959.0,1959.0,0.0,0.0,0.0,6.0,2.0,1.5,0.0,0.0,0.0,20.0,4,35,Sync,19.990864075162452,unknown,128,248,254,65535,128,1,160,BOOTING,-1,False,False,False,False,0,healthy
7.1037939519999895,baseline,2652.0,2652.0,0.0,0.0,0.0,6.0,2.0,1.5,0.0,0.0,0.0,20.0,4,36,Delay_Resp,19.97923079042595,unknown,128,248,254,65535,128,1,160,BOOTING,-1,False,False,False,False,0,healthy
7.303909344000033,baseline,1933.0,1933.0,0.0,0.0,0.0,6.0,2.0,1.5,0.0,0.0,0.0,20.0,4,37,Delay_Resp,34.97981804417365,unknown,128,248,254,65535,128,1,160,BOOTING,-1,False,False,False,False,0,healthy
7.504054385000018,baseline,2132.0,2132.0,0.0,0.0,0.0,6.0,2.0,1.5,0.0,0.0,0.0,20.0,4,38,Delay_Resp,24.981883013531075,unknown,128,248,254,65535,128,1,160,BOOTING,-1,False,False,False,False,0,healthy
7.7041513340000165,baseline,2058.0,2058.0,0.0,0.0,0.0,6.0,2.0,1.5,0.0,0.0,0.0,20.0,4,39,Sync,24.98788724659679,unknown,128,248,254,65535,128,1,160,BOOTING,-1,False,False,False,False,0,healthy
7.904263157000003,baseline,3001.0,3001.0,0.0,0.0,0.0,6.0,2.0,1.5,0.0,0.0,0.0,20.0,4,40,Sync,29.98323592304897,unknown,128,248,254,65535,128,1,160,BOOTING,-1,False,False,False,False,0,healthy
8.10445870000001,baseline,2255.0,2255.0,0.0,0.0,0.0,6.0,2.0,1.5,0.0,0.0,0.0,20.0,4,41,Sync,14.985348599893157,unknown,128,248,254,65535,128,1,160,BOOTING,-1,False,False,False,False,0,healthy
8.304638114999989,baseline,1363.0,1363.0,0.0,0.0,0.0,6.0,2.0,1.5,0.0,0.0,0.0,20.0,4,42,Sync,24.97759322555973,unknown,128,248,254,65535,128,1,160,BOOTING,-1,False,False,False,False,0,healthy
8.504811780000011,baseline,2305.0,2305.0,0.0,0.0,0.0,6.0,2.0,1.5,0.0,0.0,0.0,20.0,4,43,Delay_Resp,24.978310708351355,unknown,128,248,254,65535,128,1,160,BOOTING,-1,False,False,False,False,0,healthy
8.704896223999981,baseline,1661.0,1661.0,0.0,0.0,0.0,6.0,2.0,1.5,0.0,0.0,0.0,20.0,4,44,Sync,24.989448954866074,unknown,128,248,254,65535,128,1,160,BOOTING,-1,False,False,False,False,0,healthy
8.905069790000027,baseline,2231.0,2231.0,0.0,0.0,0.0,6.0,2.0,1.5,0.0,0.0,0.0,20.0,4,45,Sync,24.978323061891412,unknown,128,248,254,65535,128,1,160,BOOTING,-1,False,False,False,False,0,healthy
9.105268362999993,baseline,1857.0,1857.0,0.0,0.0,0.0,6.0,2.0,1.5,0.0,0.0,0.0,20.0,4,46,Delay_Resp,19.980162396066024,unknown,128,248,254,65535,128,1,160,BOOTING,-1,False,False,False,False,0,healthy
9.305455166999991,baseline,1313.0,1313.0,0.0,0.0,0.0,6.0,2.0,1.5,0.0,0.0,0.0,20.0,4,47,Sync,24.97667128948249,unknown,128,248,254,65535,128,1,160,BOOTING,-1,False,False,False,False,0,healthy
9.505658126000014,baseline,2726.0,2726.0,0.0,0.0,0.0,6.0,2.0,1.5,0.0,0.0,0.0,20.0,4,48,Delay_Resp,19.9797246752958,unknown,128,248,254,65535,128,1,160,BOOTING,-1,False,False,False,False,0,healthy
9.705821437999987,baseline,966.0,966.0,0.0,0.0,0.0,6.0,2.0,1.5,0.0,0.0,0.0,20.0,4,49,Sync,24.979602655658944,unknown,128,248,254,65535,128,1,160,BOOTING,-1,False,False,False,False,0,healthy
9.905999619,baseline,3221.0,3221.0,0.0,0.0,0.0,6.0,2.0,1.5,0.0,0.0,0.0,20.0,4,50,Sync,29.973296640154928,unknown,128,248,254,65535,128,1,160,BOOTING,-1,False,False,False,False,0,healthy
