t_s,scenario,offset_ns,measured_offset_ns,path_delay_ns,offset_valid,path_delay_valid,telemetry_valid,stale_s,pdv_ns,freq_error_ppb,oscillator_holdover_nominal_ppb,oscillator_holdover_tolerance_ppb,oscillator_disciplined_tolerance_ppb,gnss_reference_ns,ptp_reference_ns,peer_reference_ns,source_agreement_tolerance_ns,synce_ql,ptp_seq_id,ptp_msg_type,msg_rate_hz,grandmaster_identity,grandmaster_priority1,grandmaster_clock_class,grandmaster_clock_accuracy,offset_scaled_log_variance,grandmaster_priority2,steps_removed,time_source,gnss_sync_status,satellites_tracked,gnss_available,holdover,attack_flag,fault_flag,run_id,label
0.038663165000002664,holdover_fail_closed_after,nan,nan,nan,False,False,False,0.038663165000002664,nan,0.0,6.0,2.0,1.5,0.0,0.0,0.0,20.0,4,1,Sync,0.0,9afaad.fffe.86c168,128,255,254,65535,128,0,160,HOLDOVER,-1,False,True,False,False,0,healthy
0.16004819099998713,holdover_fail_closed_after,nan,nan,nan,False,False,False,0.16004819099998713,nan,0.0,6.0,2.0,1.5,0.0,0.0,0.0,20.0,4,2,Sync,0.0,9afaad.fffe.86c168,128,255,254,65535,128,0,160,HOLDOVER,-1,False,True,False,False,0,healthy
0.27282225699991614,holdover_fail_closed_after,nan,nan,nan,False,False,False,0.27282225699991614,nan,0.0,6.0,2.0,1.5,0.0,0.0,0.0,20.0,4,3,Sync,0.0,9afaad.fffe.86c168,128,255,254,65535,128,0,160,HOLDOVER,-1,False,True,False,False,0,healthy
0.390011157999993,holdover_fail_closed_after,nan,nan,nan,False,False,False,0.390011157999993,nan,0.0,6.0,2.0,1.5,0.0,0.0,0.0,20.0,4,4,Sync,0.0,9afaad.fffe.86c168,128,255,254,65535,128,0,160,HOLDOVER,-1,False,True,False,False,0,healthy
0.5024038529999189,holdover_fail_closed_after,nan,nan,nan,False,False,False,0.5024038529999189,nan,0.0,6.0,2.0,1.5,0.0,0.0,0.0,20.0,4,5,Sync,0.0,9afaad.fffe.86c168,128,255,254,65535,128,0,160,HOLDOVER,-1,False,True,False,False,0,healthy
0.6273985560000028,holdover_fail_closed_after,nan,nan,nan,False,False,False,0.6273985560000028,nan,0.0,6.0,2.0,1.5,0.0,0.0,0.0,20.0,4,6,Sync,0.0,9afaad.fffe.86c168,128,255,254,65535,128,0,160,HOLDOVER,-1,False,True,False,False,0,healthy
0.7607512349999297,holdover_fail_closed_after,nan,nan,nan,False,False,False,0.7607512349999297,nan,0.0,6.0,2.0,1.5,0.0,0.0,0.0,20.0,4,7,Sync,0.0,9afaad.fffe.86c168,128,255,254,65535,128,0,160,HOLDOVER,-1,False,True,False,False,0,healthy
0.8889385489999313,holdover_fail_closed_after,nan,nan,nan,False,False,False,0.8889385489999313,nan,0.0,6.0,2.0,1.5,0.0,0.0,0.0,20.0,4,8,Sync,0.0,9afaad.fffe.86c168,128,255,254,65535,128,0,160,HOLDOVER,-1,False,True,False,False,0,healthy
1.0057195690000071,holdover_fail_closed_after,nan,nan,nan,False,False,False,1.0057195690000071,nan,0.0,6.0,2.0,1.5,0.0,0.0,0.0,20.0,4,9,Sync,0.0,9afaad.fffe.86c168,128,255,254,65535,128,0,160,HOLDOVER,-1,False,True,False,False,0,healthy
1.1277317560000029,holdover_fail_closed_after,nan,nan,nan,False,False,False,1.1277317560000029,nan,0.0,6.0,2.0,1.5,0.0,0.0,0.0,20.0,4,10,Sync,0.0,9afaad.fffe.86c168,128,255,254,65535,128,0,160,HOLDOVER,-1,False,True,False,False,0,healthy
1.2432107349999342,holdover_fail_closed_after,nan,nan,nan,False,False,False,1.2432107349999342,nan,0.0,6.0,2.0,1.5,0.0,0.0,0.0,20.0,4,11,Sync,0.0,9afaad.fffe.86c168,128,255,254,65535,128,0,160,HOLDOVER,-1,False,True,False,False,0,healthy
1.3606345379999993,holdover_fail_closed_after,nan,nan,nan,False,False,False,1.3606345379999993,nan,0.0,6.0,2.0,1.5,0.0,0.0,0.0,20.0,4,12,Sync,0.0,9afaad.fffe.86c168,128,255,254,65535,128,0,160,HOLDOVER,-1,False,True,False,False,0,healthy
1.4784207309999147,holdover_fail_closed_after,nan,nan,nan,False,False,False,1.4784207309999147,nan,0.0,6.0,2.0,1.5,0.0,0.0,0.0,20.0,4,13,Sync,0.0,9afaad.fffe.86c168,128,255,254,65535,128,0,160,HOLDOVER,-1,False,True,False,False,0,healthy
1.5933944049999127,holdover_fail_closed_after,nan,nan,nan,False,False,False,1.5933944049999127,nan,0.0,6.0,2.0,1.5,0.0,0.0,0.0,20.0,4,14,Announce,8.697643253533128,9afaad.fffe.86c168,128,255,254,65535,128,0,160,HOLDOVER,-1,False,True,False,False,0,healthy
1.713891676000003,holdover_fail_closed_after,nan,nan,nan,False,False,False,1.713891676000003,nan,0.0,6.0,2.0,1.5,0.0,0.0,0.0,20.0,4,15,Sync,0.0,9afaad.fffe.86c168,128,255,254,65535,128,0,160,HOLDOVER,-1,False,True,False,False,0,healthy
1.8319950479999534,holdover_fail_closed_after,nan,nan,nan,False,False,False,1.8319950479999534,nan,0.0,6.0,2.0,1.5,0.0,0.0,0.0,20.0,4,16,Sync,0.0,9afaad.fffe.86c168,128,255,254,65535,128,0,160,HOLDOVER,-1,False,True,False,False,0,healthy
1.959348079999927,holdover_fail_closed_after,nan,nan,nan,False,False,False,1.959348079999927,nan,0.0,6.0,2.0,1.5,0.0,0.0,0.0,20.0,4,17,Sync,0.0,9afaad.fffe.86c168,128,255,254,65535,128,0,160,HOLDOVER,-1,False,True,False,False,0,healthy
2.0730694399999265,holdover_fail_closed_after,nan,nan,nan,False,False,False,2.0730694399999265,nan,0.0,6.0,2.0,1.5,0.0,0.0,0.0,20.0,4,18,Sync,0.0,9afaad.fffe.86c168,128,255,254,65535,128,0,160,HOLDOVER,-1,False,True,False,False,0,healthy
2.1910486319999336,holdover_fail_closed_after,nan,nan,nan,False,False,False,2.1910486319999336,nan,0.0,6.0,2.0,1.5,0.0,0.0,0.0,20.0,4,19,Sync,0.0,9afaad.fffe.86c168,128,255,254,65535,128,0,160,HOLDOVER,-1,False,True,False,False,0,healthy
2.3252896309999187,holdover_fail_closed_after,nan,nan,nan,False,False,False,2.3252896309999187,nan,0.0,6.0,2.0,1.5,0.0,0.0,0.0,20.0,4,20,Sync,0.0,9afaad.fffe.86c168,128,255,254,65535,128,0,160,HOLDOVER,-1,False,True,False,False,0,healthy
2.4396687379999094,holdover_fail_closed_after,nan,nan,nan,False,False,False,2.4396687379999094,nan,0.0,6.0,2.0,1.5,0.0,0.0,0.0,20.0,4,21,Sync,0.0,9afaad.fffe.86c168,128,255,254,65535,128,0,160,HOLDOVER,-1,False,True,False,False,0,healthy
2.556147538999994,holdover_fail_closed_after,nan,nan,nan,False,False,False,2.556147538999994,nan,0.0,6.0,2.0,1.5,0.0,0.0,0.0,20.0,4,22,Sync,0.0,9afaad.fffe.86c168,128,255,254,65535,128,0,160,HOLDOVER,-1,False,True,False,False,0,healthy
2.690893310999968,holdover_fail_closed_after,nan,nan,nan,False,False,False,2.690893310999968,nan,0.0,6.0,2.0,1.5,0.0,0.0,0.0,20.0,4,23,Sync,0.0,9afaad.fffe.86c168,128,255,254,65535,128,0,160,HOLDOVER,-1,False,True,False,False,0,healthy
2.806426127000009,holdover_fail_closed_after,nan,nan,nan,False,False,False,2.806426127000009,nan,0.0,6.0,2.0,1.5,0.0,0.0,0.0,20.0,4,24,Sync,0.0,9afaad.fffe.86c168,128,255,254,65535,128,0,160,HOLDOVER,-1,False,True,False,False,0,healthy
2.940548819000014,holdover_fail_closed_after,nan,nan,nan,False,False,False,2.940548819000014,nan,0.0,6.0,2.0,1.5,0.0,0.0,0.0,20.0,4,25,Sync,0.0,9afaad.fffe.86c168,128,255,254,65535,128,0,160,HOLDOVER,-1,False,True,False,False,0,healthy
3.0554608300000154,holdover_fail_closed_after,nan,nan,nan,False,False,False,3.0554608300000154,nan,0.0,6.0,2.0,1.5,0.0,0.0,0.0,20.0,4,26,Sync,0.0,9afaad.fffe.86c168,128,255,254,65535,128,0,160,HOLDOVER,-1,False,True,False,False,0,healthy
3.1748093169999265,holdover_fail_closed_after,nan,nan,nan,False,False,False,3.1748093169999265,nan,0.0,6.0,2.0,1.5,0.0,0.0,0.0,20.0,4,27,Sync,0.0,9afaad.fffe.86c168,128,255,254,65535,128,0,160,HOLDOVER,-1,False,True,False,False,0,healthy
3.3080986489999304,holdover_fail_closed_after,nan,nan,nan,False,False,False,3.3080986489999304,nan,0.0,6.0,2.0,1.5,0.0,0.0,0.0,20.0,4,28,Sync,0.0,9afaad.fffe.86c168,128,255,254,65535,128,0,160,HOLDOVER,-1,False,True,False,False,0,healthy
3.4240160349999087,holdover_fail_closed_after,nan,nan,nan,False,False,False,3.4240160349999087,nan,0.0,6.0,2.0,1.5,0.0,0.0,0.0,20.0,4,29,Sync,0.0,9afaad.fffe.86c168,128,255,254,65535,128,0,160,HOLDOVER,-1,False,True,False,False,0,healthy
3.5610370189999685,holdover_fail_closed_after,nan,nan,nan,False,False,False,3.5610370189999685,nan,0.0,6.0,2.0,1.5,0.0,0.0,0.0,20.0,4,30,Sync,0.0,9afaad.fffe.86c168,128,255,254,65535,128,0,160,HOLDOVER,-1,False,True,False,False,0,healthy
3.6798186919999125,holdover_fail_closed_after,nan,nan,nan,False,False,False,3.6798186919999125,nan,0.0,6.0,2.0,1.5,0.0,0.0,0.0,20.0,4,31,Sync,0.0,9afaad.fffe.86c168,128,255,254,65535,128,0,160,HOLDOVER,-1,False,True,False,False,0,healthy
3.7956074459999627,holdover_fail_closed_after,nan,nan,nan,False,False,False,3.7956074459999627,nan,0.0,6.0,2.0,1.5,0.0,0.0,0.0,20.0,4,32,Sync,0.0,9afaad.fffe.86c168,128,255,254,65535,128,0,160,HOLDOVER,-1,False,True,False,False,0,healthy
3.9118357090000018,holdover_fail_closed_after,nan,nan,nan,False,False,False,3.9118357090000018,nan,0.0,6.0,2.0,1.5,0.0,0.0,0.0,20.0,4,33,Sync,0.0,9afaad.fffe.86c168,128,255,254,65535,128,0,160,HOLDOVER,-1,False,True,False,False,0,healthy
4.02823806899994,holdover_fail_closed_after,nan,nan,nan,False,False,False,4.02823806899994,nan,0.0,6.0,2.0,1.5,0.0,0.0,0.0,20.0,4,34,Sync,0.0,9afaad.fffe.86c168,128,255,254,65535,128,0,160,HOLDOVER,-1,False,True,False,False,0,healthy
4.161178919999998,holdover_fail_closed_after,nan,nan,nan,False,False,False,4.161178919999998,nan,0.0,6.0,2.0,1.5,0.0,0.0,0.0,20.0,4,35,Sync,0.0,9afaad.fffe.86c168,128,255,254,65535,128,0,160,HOLDOVER,-1,False,True,False,False,0,healthy
4.278563922999979,holdover_fail_closed_after,nan,nan,nan,False,False,False,4.278563922999979,nan,0.0,6.0,2.0,1.5,0.0,0.0,0.0,20.0,4,36,Sync,0.0,9afaad.fffe.86c168,128,255,254,65535,128,0,160,HOLDOVER,-1,False,True,False,False,0,healthy
4.394986079999967,holdover_fail_closed_after,nan,nan,nan,False,False,False,4.394986079999967,nan,0.0,6.0,2.0,1.5,0.0,0.0,0.0,20.0,4,37,Sync,0.0,9afaad.fffe.86c168,128,255,254,65535,128,0,160,HOLDOVER,-1,False,True,False,False,0,healthy
4.510705213999927,holdover_fail_closed_after,nan,nan,nan,False,False,False,4.510705213999927,nan,0.0,6.0,2.0,1.5,0.0,0.0,0.0,20.0,4,38,Sync,0.0,9afaad.fffe.86c168,128,255,254,65535,128,0,160,HOLDOVER,-1,False,True,False,False,0,healthy
4.625533206,holdover_fail_closed_after,nan,nan,nan,False,False,False,4.625533206,nan,0.0,6.0,2.0,1.5,0.0,0.0,0.0,20.0,4,39,Sync,0.0,9afaad.fffe.86c168,128,255,254,65535,128,0,160,HOLDOVER,-1,False,True,False,False,0,healthy
4.75946171999999,holdover_fail_closed_after,nan,nan,nan,False,False,False,4.75946171999999,nan,0.0,6.0,2.0,1.5,0.0,0.0,0.0,20.0,4,40,Sync,0.0,9afaad.fffe.86c168,128,255,254,65535,128,0,160,HOLDOVER,-1,False,True,False,False,0,healthy
4.874985252999977,holdover_fail_closed_after,nan,nan,nan,False,False,False,4.874985252999977,nan,0.0,6.0,2.0,1.5,0.0,0.0,0.0,20.0,4,41,Sync,0.0,9afaad.fffe.86c168,128,255,254,65535,128,0,160,HOLDOVER,-1,False,True,False,False,0,healthy
4.992624867000018,holdover_fail_closed_after,nan,nan,nan,False,False,False,4.992624867000018,nan,0.0,6.0,2.0,1.5,0.0,0.0,0.0,20.0,4,42,Sync,0.0,9afaad.fffe.86c168,128,255,254,65535,128,0,160,HOLDOVER,-1,False,True,False,False,0,healthy
5.128648243999919,holdover_fail_closed_after,nan,nan,nan,False,False,False,5.128648243999919,nan,0.0,6.0,2.0,1.5,0.0,0.0,0.0,20.0,4,43,Sync,0.0,9afaad.fffe.86c168,128,255,254,65535,128,0,160,HOLDOVER,-1,False,True,False,False,0,healthy
5.244704207999916,holdover_fail_closed_after,nan,nan,nan,False,False,False,5.244704207999916,nan,0.0,6.0,2.0,1.5,0.0,0.0,0.0,20.0,4,44,Sync,0.0,9afaad.fffe.86c168,128,255,254,65535,128,0,160,HOLDOVER,-1,False,True,False,False,0,healthy
5.382112508999967,holdover_fail_closed_after,nan,nan,nan,False,False,False,5.382112508999967,nan,0.0,6.0,2.0,1.5,0.0,0.0,0.0,20.0,4,45,Sync,0.0,9afaad.fffe.86c168,128,255,254,65535,128,0,160,HOLDOVER,-1,False,True,False,False,0,healthy
5.515834529000017,holdover_fail_closed_after,nan,nan,nan,False,False,False,5.515834529000017,nan,0.0,6.0,2.0,1.5,0.0,0.0,0.0,20.0,4,46,Sync,0.0,9afaad.fffe.86c168,128,255,254,65535,128,0,160,HOLDOVER,-1,False,True,False,False,0,healthy
5.630681181999989,holdover_fail_closed_after,nan,nan,nan,False,False,False,5.630681181999989,nan,0.0,6.0,2.0,1.5,0.0,0.0,0.0,20.0,4,47,Sync,0.0,9afaad.fffe.86c168,128,255,254,65535,128,0,160,HOLDOVER,-1,False,True,False,False,0,healthy
5.745549335999954,holdover_fail_closed_after,nan,nan,nan,False,False,False,5.745549335999954,nan,0.0,6.0,2.0,1.5,0.0,0.0,0.0,20.0,4,48,Sync,0.0,9afaad.fffe.86c168,128,255,254,65535,128,0,160,HOLDOVER,-1,False,True,False,False,0,healthy
5.858727562000013,holdover_fail_closed_after,nan,nan,nan,False,False,False,5.858727562000013,nan,0.0,6.0,2.0,1.5,0.0,0.0,0.0,20.0,4,49,Sync,0.0,9afaad.fffe.86c168,128,255,254,65535,128,0,160,HOLDOVER,-1,False,True,False,False,0,healthy
5.9925339789999725,holdover_fail_closed_after,nan,nan,nan,False,False,False,5.9925339789999725,nan,0.0,6.0,2.0,1.5,0.0,0.0,0.0,20.0,4,50,Sync,0.0,9afaad.fffe.86c168,128,255,254,65535,128,0,160,HOLDOVER,-1,False,True,False,False,0,healthy
6.110785211000007,holdover_fail_closed_after,nan,nan,nan,False,False,False,6.110785211000007,nan,0.0,6.0,2.0,1.5,0.0,0.0,0.0,20.0,4,51,Sync,0.0,9afaad.fffe.86c168,128,255,254,65535,128,0,160,HOLDOVER,-1,False,True,False,False,0,healthy
6.22711122599992,holdover_fail_closed_after,nan,nan,nan,False,False,False,6.22711122599992,nan,0.0,6.0,2.0,1.5,0.0,0.0,0.0,20.0,4,52,Sync,0.0,9afaad.fffe.86c168,128,255,254,65535,128,0,160,HOLDOVER,-1,False,True,False,False,0,healthy
6.364473966999981,holdover_fail_closed_after,nan,nan,nan,False,False,False,6.364473966999981,nan,0.0,6.0,2.0,1.5,0.0,0.0,0.0,20.0,4,53,Sync,0.0,9afaad.fffe.86c168,128,255,254,65535,128,0,160,HOLDOVER,-1,False,True,False,False,0,healthy
6.480375722999952,holdover_fail_closed_after,nan,nan,nan,False,False,False,6.480375722999952,nan,0.0,6.0,2.0,1.5,0.0,0.0,0.0,20.0,4,54,Sync,0.0,9afaad.fffe.86c168,128,255,254,65535,128,0,160,HOLDOVER,-1,False,True,False,False,0,healthy
6.597493611000004,holdover_fail_closed_after,nan,nan,nan,False,False,False,6.597493611000004,nan,0.0,6.0,2.0,1.5,0.0,0.0,0.0,20.0,4,55,Sync,0.0,9afaad.fffe.86c168,128,255,254,65535,128,0,160,HOLDOVER,-1,False,True,False,False,0,healthy
6.7275934759999245,holdover_fail_closed_after,nan,nan,nan,False,False,False,6.7275934759999245,nan,0.0,6.0,2.0,1.5,0.0,0.0,0.0,20.0,4,56,Sync,0.0,9afaad.fffe.86c168,128,255,254,65535,128,0,160,HOLDOVER,-1,False,True,False,False,0,healthy
6.8426677449999715,holdover_fail_closed_after,nan,nan,nan,False,False,False,6.8426677449999715,nan,0.0,6.0,2.0,1.5,0.0,0.0,0.0,20.0,4,57,Sync,0.0,9afaad.fffe.86c168,128,255,254,65535,128,0,160,HOLDOVER,-1,False,True,False,False,0,healthy
6.97716828199998,holdover_fail_closed_after,nan,nan,nan,False,False,False,6.97716828199998,nan,0.0,6.0,2.0,1.5,0.0,0.0,0.0,20.0,4,58,Sync,0.0,9afaad.fffe.86c168,128,255,254,65535,128,0,160,HOLDOVER,-1,False,True,False,False,0,healthy
7.110671778999972,holdover_fail_closed_after,nan,nan,nan,False,False,False,7.110671778999972,nan,0.0,6.0,2.0,1.5,0.0,0.0,0.0,20.0,4,59,Sync,0.0,9afaad.fffe.86c168,128,255,254,65535,128,0,160,HOLDOVER,-1,False,True,False,False,0,healthy
7.226312010000015,holdover_fail_closed_after,nan,nan,nan,False,False,False,7.226312010000015,nan,0.0,6.0,2.0,1.5,0.0,0.0,0.0,20.0,4,60,Sync,0.0,9afaad.fffe.86c168,128,255,254,65535,128,0,160,HOLDOVER,-1,False,True,False,False,0,healthy
7.348360157999991,holdover_fail_closed_after,nan,nan,nan,False,False,False,7.348360157999991,nan,0.0,6.0,2.0,1.5,0.0,0.0,0.0,20.0,4,61,Sync,0.0,9afaad.fffe.86c168,128,255,254,65535,128,0,160,HOLDOVER,-1,False,True,False,False,0,healthy
7.464945994000004,holdover_fail_closed_after,nan,nan,nan,False,False,False,7.464945994000004,nan,0.0,6.0,2.0,1.5,0.0,0.0,0.0,20.0,4,62,Sync,0.0,9afaad.fffe.86c168,128,255,254,65535,128,0,160,HOLDOVER,-1,False,True,False,False,0,healthy
7.599507910999932,holdover_fail_closed_after,nan,nan,nan,False,False,False,7.599507910999932,nan,0.0,6.0,2.0,1.5,0.0,0.0,0.0,20.0,4,63,Sync,0.0,9afaad.fffe.86c168,128,255,254,65535,128,0,160,HOLDOVER,-1,False,True,False,False,0,healthy
7.716063814999984,holdover_fail_closed_after,nan,nan,nan,False,False,False,7.716063814999984,nan,0.0,6.0,2.0,1.5,0.0,0.0,0.0,20.0,4,64,Sync,0.0,9afaad.fffe.86c168,128,255,254,65535,128,0,160,HOLDOVER,-1,False,True,False,False,0,healthy
7.830470012999967,holdover_fail_closed_after,nan,nan,nan,False,False,False,7.830470012999967,nan,0.0,6.0,2.0,1.5,0.0,0.0,0.0,20.0,4,65,Sync,0.0,9afaad.fffe.86c168,128,255,254,65535,128,0,160,HOLDOVER,-1,False,True,False,False,0,healthy
7.9641701519999515,holdover_fail_closed_after,nan,nan,nan,False,False,False,7.9641701519999515,nan,0.0,6.0,2.0,1.5,0.0,0.0,0.0,20.0,4,66,Sync,0.0,9afaad.fffe.86c168,128,255,254,65535,128,0,160,HOLDOVER,-1,False,True,False,False,0,healthy
8.080562471999997,holdover_fail_closed_after,nan,nan,nan,False,False,False,8.080562471999997,nan,0.0,6.0,2.0,1.5,0.0,0.0,0.0,20.0,4,67,Sync,0.0,9afaad.fffe.86c168,128,255,254,65535,128,0,160,HOLDOVER,-1,False,True,False,False,0,healthy
8.214989220999996,holdover_fail_closed_after,nan,nan,nan,False,False,False,8.214989220999996,nan,0.0,6.0,2.0,1.5,0.0,0.0,0.0,20.0,4,68,Sync,0.0,9afaad.fffe.86c168,128,255,254,65535,128,0,160,HOLDOVER,-1,False,True,False,False,0,healthy
8.329532290999964,holdover_fail_closed_after,nan,nan,nan,False,False,False,8.329532290999964,nan,0.0,6.0,2.0,1.5,0.0,0.0,0.0,20.0,4,69,Sync,0.0,9afaad.fffe.86c168,128,255,254,65535,128,0,160,HOLDOVER,-1,False,True,False,False,0,healthy
8.44624145499995,holdover_fail_closed_after,nan,nan,nan,False,False,False,8.44624145499995,nan,0.0,6.0,2.0,1.5,0.0,0.0,0.0,20.0,4,70,Sync,0.0,9afaad.fffe.86c168,128,255,254,65535,128,0,160,HOLDOVER,-1,False,True,False,False,0,healthy
8.583946044999948,holdover_fail_closed_after,nan,nan,nan,False,False,False,8.583946044999948,nan,0.0,6.0,2.0,1.5,0.0,0.0,0.0,20.0,4,71,Sync,0.0,9afaad.fffe.86c168,128,255,254,65535,128,0,160,HOLDOVER,-1,False,True,False,False,0,healthy
8.70420092400002,holdover_fail_closed_after,nan,nan,nan,False,False,False,8.70420092400002,nan,0.0,6.0,2.0,1.5,0.0,0.0,0.0,20.0,4,72,Sync,0.0,9afaad.fffe.86c168,128,255,254,65535,128,0,160,HOLDOVER,-1,False,True,False,False,0,healthy
8.819400888000018,holdover_fail_closed_after,nan,nan,nan,False,False,False,8.819400888000018,nan,0.0,6.0,2.0,1.5,0.0,0.0,0.0,20.0,4,73,Sync,0.0,9afaad.fffe.86c168,128,255,254,65535,128,0,160,HOLDOVER,-1,False,True,False,False,0,healthy
8.935084121999921,holdover_fail_closed_after,nan,nan,nan,False,False,False,8.935084121999921,nan,0.0,6.0,2.0,1.5,0.0,0.0,0.0,20.0,4,74,Sync,0.0,9afaad.fffe.86c168,128,255,254,65535,128,0,160,HOLDOVER,-1,False,True,False,False,0,healthy
9.049095708999971,holdover_fail_closed_after,nan,nan,nan,False,False,False,9.049095708999971,nan,0.0,6.0,2.0,1.5,0.0,0.0,0.0,20.0,4,75,Sync,0.0,9afaad.fffe.86c168,128,255,254,65535,128,0,160,HOLDOVER,-1,False,True,False,False,0,healthy
9.184248689000015,holdover_fail_closed_after,nan,nan,nan,False,False,False,9.184248689000015,nan,0.0,6.0,2.0,1.5,0.0,0.0,0.0,20.0,4,76,Sync,0.0,9afaad.fffe.86c168,128,255,254,65535,128,0,160,HOLDOVER,-1,False,True,False,False,0,healthy
9.322088825999913,holdover_fail_closed_after,nan,nan,nan,False,False,False,9.322088825999913,nan,0.0,6.0,2.0,1.5,0.0,0.0,0.0,20.0,4,77,Sync,0.0,9afaad.fffe.86c168,128,255,254,65535,128,0,160,HOLDOVER,-1,False,True,False,False,0,healthy
9.436919375999992,holdover_fail_closed_after,nan,nan,nan,False,False,False,9.436919375999992,nan,0.0,6.0,2.0,1.5,0.0,0.0,0.0,20.0,4,78,Sync,0.0,9afaad.fffe.86c168,128,255,254,65535,128,0,160,HOLDOVER,-1,False,True,False,False,0,healthy
9.572585066999977,holdover_fail_closed_after,nan,nan,nan,False,False,False,9.572585066999977,nan,0.0,6.0,2.0,1.5,0.0,0.0,0.0,20.0,4,79,Sync,0.0,9afaad.fffe.86c168,128,255,254,65535,128,0,160,HOLDOVER,-1,False,True,False,False,0,healthy
9.689112316999967,holdover_fail_closed_after,nan,nan,nan,False,False,False,9.689112316999967,nan,0.0,6.0,2.0,1.5,0.0,0.0,0.0,20.0,4,80,Sync,0.0,9afaad.fffe.86c168,128,255,254,65535,128,0,160,HOLDOVER,-1,False,True,False,False,0,healthy
9.812706398999921,holdover_fail_closed_after,nan,nan,nan,False,False,False,9.812706398999921,nan,0.0,6.0,2.0,1.5,0.0,0.0,0.0,20.0,4,81,Sync,0.0,9afaad.fffe.86c168,128,255,254,65535,128,0,160,HOLDOVER,-1,False,True,False,False,0,healthy
9.951013247999981,holdover_fail_closed_after,nan,nan,nan,False,False,False,9.951013247999981,nan,0.0,6.0,2.0,1.5,0.0,0.0,0.0,20.0,4,82,Sync,0.0,9afaad.fffe.86c168,128,255,254,65535,128,0,160,HOLDOVER,-1,False,True,False,False,0,healthy
10.065524408999977,holdover_fail_closed_after,nan,nan,nan,False,False,False,10.065524408999977,nan,0.0,6.0,2.0,1.5,0.0,0.0,0.0,20.0,4,83,Sync,0.0,9afaad.fffe.86c168,128,255,254,65535,128,0,160,HOLDOVER,-1,False,True,False,False,0,healthy
