capture_ts_ns,eth_src,eth_dst,vlan_id,vlan_pcp,message_type,message_type_raw,version_ptp,minor_version_ptp,message_length,domain_number,major_sdo_id,minor_sdo_id,flag_field_hex,flag_alternateMaster,flag_twoStep,flag_unicast,flag_profileSpecific1,flag_profileSpecific2,flag_leap61,flag_leap59,flag_currentUtcOffsetValid,flag_ptpTimescale,flag_timeTraceable,flag_frequencyTraceable,flag_syncUncertain,correction_ns,source_clock_identity,source_port_number,sequence_id,control_field,log_message_interval,origin_ts_ns,current_utc_offset,gm_priority1,gm_clock_class,gm_clock_accuracy,gm_offset_scaled_log_variance,gm_priority2,gm_clock_identity,steps_removed,time_source,tlv_types,has_path_trace,path_trace_hops,requesting_clock_identity,requesting_port_number,clock_class_legal,bmca_fields_all_zero,gm_identity_equals_source,g87251_domain_ok,g87251_mcast_ok,g87251_priority1_ok,g87251_log_sync_ok,g87251_log_announce_ok,g87251_log_delayreq_ok
1786108709569852524,c29a38b34e68,011b19000000,,,Sync,0,2,0,44,0,0,0,0x0200,0,1,0,0,0,0,0,0,0,0,0,0,0.0,c29a38fffeb34e68,1,0,0,-3,0,,,,,,,,,,,,,,,,,,0,1,,0,,
1786108709574554659,c29a38b34e68,011b19000000,,,Follow_Up,8,2,0,44,0,0,0,0x0000,0,0,0,0,0,0,0,0,0,0,0,0,0.0,c29a38fffeb34e68,1,0,2,-3,1786108709569858029,,,,,,,,,,,,,,,,,,0,1,,,,
1786108709694815056,c29a38b34e68,011b19000000,,,Sync,0,2,0,44,0,0,0,0x0200,0,1,0,0,0,0,0,0,0,0,0,0,0.0,c29a38fffeb34e68,1,1,0,-3,0,,,,,,,,,,,,,,,,,,0,1,,0,,
1786108709700379038,c29a38b34e68,011b19000000,,,Follow_Up,8,2,0,44,0,0,0,0x0000,0,0,0,0,0,0,0,0,0,0,0,0,0.0,c29a38fffeb34e68,1,1,2,-3,1786108709694820960,,,,,,,,,,,,,,,,,,0,1,,,,
1786108709817701827,c29a38b34e68,011b19000000,,,Sync,0,2,0,44,0,0,0,0x0200,0,1,0,0,0,0,0,0,0,0,0,0,0.0,c29a38fffeb34e68,1,2,0,-3,0,,,,,,,,,,,,,,,,,,0,1,,0,,
1786108709821909289,c29a38b34e68,011b19000000,,,Follow_Up,8,2,0,44,0,0,0,0x0000,0,0,0,0,0,0,0,0,0,0,0,0,0.0,c29a38fffeb34e68,1,2,2,-3,1786108709817708632,,,,,,,,,,,,,,,,,,0,1,,,,
1786108709946709899,c29a38b34e68,011b19000000,,,Sync,0,2,0,44,0,0,0,0x0200,0,1,0,0,0,0,0,0,0,0,0,0,0.0,c29a38fffeb34e68,1,3,0,-3,0,,,,,,,,,,,,,,,,,,0,1,,0,,
1786108709953603280,c29a38b34e68,011b19000000,,,Follow_Up,8,2,0,44,0,0,0,0x0000,0,0,0,0,0,0,0,0,0,0,0,0,0.0,c29a38fffeb34e68,1,3,2,-3,1786108709946714902,,,,,,,,,,,,,,,,,,0,1,,,,
1786108710070576345,c29a38b34e68,011b19000000,,,Sync,0,2,0,44,0,0,0,0x0200,0,1,0,0,0,0,0,0,0,0,0,0,0.0,c29a38fffeb34e68,1,4,0,-3,0,,,,,,,,,,,,,,,,,,0,1,,0,,
1786108710075896837,c29a38b34e68,011b19000000,,,Follow_Up,8,2,0,44,0,0,0,0x0000,0,0,0,0,0,0,0,0,0,0,0,0,0.0,c29a38fffeb34e68,1,4,2,-3,1786108710070589854,,,,,,,,,,,,,,,,,,0,1,,,,
1786108733139510464,c29a38b34e68,011b19000000,,,Announce,11,2,0,64,0,0,0,0x0000,0,0,0,0,0,0,0,0,0,0,0,0,0.0,c29a38fffeb34e68,1,1,5,1,0,37,128,248,254,65535,128,c29a38fffeb34e68,0,160,,0,,,,1,0,1,0,1,1,,0,
1786108733264065848,c29a38b34e68,011b19000000,,,Sync,0,2,0,44,0,0,0,0x0200,0,1,0,0,0,0,0,0,0,0,0,0,0.0,c29a38fffeb34e68,1,6,0,-3,0,,,,,,,,,,,,,,,,,,0,1,,0,,
1786108733269622784,c29a38b34e68,011b19000000,,,Follow_Up,8,2,0,44,0,0,0,0x0000,0,0,0,0,0,0,0,0,0,0,0,0,0.0,c29a38fffeb34e68,1,6,2,-3,1786108733264079270,,,,,,,,,,,,,,,,,,0,1,,,,
1786108733392307364,c29a38b34e68,011b19000000,,,Sync,0,2,0,44,0,0,0,0x0200,0,1,0,0,0,0,0,0,0,0,0,0,0.0,c29a38fffeb34e68,1,7,0,-3,0,,,,,,,,,,,,,,,,,,0,1,,0,,
1786108756537624183,c29a38b34e68,011b19000000,,,Announce,11,2,0,64,0,0,0,0x0000,0,0,0,0,0,0,0,0,0,0,0,0,0.0,c29a38fffeb34e68,1,2,5,1,0,37,128,248,254,65535,128,c29a38fffeb34e68,0,160,,0,,,,1,0,1,0,1,1,,0,
1786108779272619785,c29a38b34e68,011b19000000,,,Announce,11,2,0,64,0,0,0,0x0000,0,0,0,0,0,0,0,0,0,0,0,0,0.0,c29a38fffeb34e68,1,3,5,1,0,37,128,248,254,65535,128,c29a38fffeb34e68,0,160,,0,,,,1,0,1,0,1,1,,0,
1786108779395635583,c29a38b34e68,011b19000000,,,Sync,0,2,0,44,0,0,0,0x0200,0,1,0,0,0,0,0,0,0,0,0,0,0.0,c29a38fffeb34e68,1,10,0,-3,0,,,,,,,,,,,,,,,,,,0,1,,0,,
